date,family,Actual_Sales,Fitted_Sales
2013-04-07,BEVERAGES,441419.0,424154.78
2013-04-14,BEVERAGES,412046.0,391535.22
2013-04-21,BEVERAGES,399330.0,391535.22
2013-04-28,BEVERAGES,394891.0,372689.3
2013-05-05,BEVERAGES,452789.0,391675.3
2013-05-12,BEVERAGES,470957.0,433188.66
2013-05-19,BEVERAGES,430124.0,475424.4
2013-05-26,BEVERAGES,396376.0,422056.16
2013-06-02,BEVERAGES,424726.0,409074.66
2013-06-09,BEVERAGES,426212.0,451301.0
2013-06-16,BEVERAGES,403539.0,414775.12
2013-06-23,BEVERAGES,416427.0,422056.16
2013-06-30,BEVERAGES,491204.0,459179.12
2013-07-07,BEVERAGES,452032.0,457920.2
2013-07-14,BEVERAGES,364895.0,415486.84
2013-07-21,BEVERAGES,373483.0,395532.38
2013-07-28,BEVERAGES,378675.0,423711.62
2013-08-04,BEVERAGES,416164.0,408106.62
2013-08-11,BEVERAGES,402712.0,414778.8
2013-08-18,BEVERAGES,401151.0,411959.56
2013-08-25,BEVERAGES,397122.0,410830.4
2013-09-01,BEVERAGES,440996.0,370603.66
2013-09-08,BEVERAGES,465327.0,402865.53
2013-09-15,BEVERAGES,428211.0,464410.16
2013-09-22,BEVERAGES,435320.0,414569.25
2013-09-29,BEVERAGES,425908.0,448864.72
2013-10-06,BEVERAGES,459752.0,470439.53
2013-10-13,BEVERAGES,432458.0,412403.1
2013-10-20,BEVERAGES,413214.0,430383.88
2013-10-27,BEVERAGES,404887.0,423182.16
2013-11-03,BEVERAGES,437991.0,455110.1
2013-11-10,BEVERAGES,453556.0,435971.0
2013-11-17,BEVERAGES,442226.0,427260.6
2013-11-24,BEVERAGES,422023.0,430908.56
2013-12-01,BEVERAGES,444877.0,451050.03
2013-12-08,BEVERAGES,474920.0,477880.4
2013-12-15,BEVERAGES,474963.0,496541.28
2013-12-22,BEVERAGES,597305.0,524886.56
2013-12-29,BEVERAGES,490514.0,492234.94
2014-01-05,BEVERAGES,945566.0,647367.6
2014-01-12,BEVERAGES,969125.0,937855.8
2014-01-19,BEVERAGES,955126.0,921933.2
2014-01-26,BEVERAGES,929288.0,953114.75
2014-02-02,BEVERAGES,731437.0,797846.5
2014-02-09,BEVERAGES,469922.0,574459.5
2014-02-16,BEVERAGES,494705.0,422404.66
2014-02-23,BEVERAGES,466331.0,427659.2
2014-03-02,BEVERAGES,639190.0,574439.1
2014-03-09,BEVERAGES,1082450.0,846637.06
2014-03-16,BEVERAGES,942669.0,995668.2
2014-03-23,BEVERAGES,952345.0,1004618.4
2014-03-30,BEVERAGES,959818.0,872012.1
2014-04-06,BEVERAGES,621362.0,740598.4
2014-04-13,BEVERAGES,500114.0,511862.28
2014-04-20,BEVERAGES,499846.0,460673.62
2014-04-27,BEVERAGES,473147.0,452349.5
2014-05-04,BEVERAGES,500945.0,560875.1
2014-05-11,BEVERAGES,464211.0,552400.25
2014-05-18,BEVERAGES,472106.0,576930.5
2014-05-25,BEVERAGES,450441.0,542450.4
2014-06-01,BEVERAGES,470280.0,450352.6
2014-06-08,BEVERAGES,504227.0,557364.5
2014-06-15,BEVERAGES,469083.0,518466.28
2014-06-22,BEVERAGES,497868.0,511908.38
2014-06-29,BEVERAGES,612431.0,588772.9
2014-07-06,BEVERAGES,1121963.0,770710.06
2014-07-13,BEVERAGES,918220.0,967064.25
2014-07-20,BEVERAGES,945163.0,945597.4
2014-07-27,BEVERAGES,913434.0,966741.4
2014-08-03,BEVERAGES,730932.0,855944.56
2014-08-10,BEVERAGES,456714.0,614413.44
2014-08-17,BEVERAGES,455281.0,422181.66
2014-08-24,BEVERAGES,455634.0,446053.06
2014-08-31,BEVERAGES,475390.0,500368.8
2014-09-07,BEVERAGES,1131264.0,763018.1
2014-09-14,BEVERAGES,983366.0,982174.94
2014-09-21,BEVERAGES,987933.0,954770.2
2014-09-28,BEVERAGES,951707.0,967942.25
2014-10-05,BEVERAGES,1110383.0,1003144.2
2014-10-12,BEVERAGES,996383.0,971686.94
2014-10-19,BEVERAGES,1007980.0,1000408.56
2014-10-26,BEVERAGES,957481.0,1009364.4
2014-11-02,BEVERAGES,896932.0,982253.3
2014-11-09,BEVERAGES,1160004.0,1016564.4
2014-11-16,BEVERAGES,977349.0,995160.75
2014-11-23,BEVERAGES,971954.0,963226.4
2014-11-30,BEVERAGES,991564.0,980746.0
2014-12-07,BEVERAGES,1124578.0,1172407.6
2014-12-14,BEVERAGES,1065119.0,1052677.0
2014-12-21,BEVERAGES,1114362.0,1046420.3
2014-12-28,BEVERAGES,1388548.0,1307826.6
2015-01-04,BEVERAGES,870126.0,1069161.5
2015-01-11,BEVERAGES,592503.0,783710.8
2015-01-18,BEVERAGES,551581.0,471472.7
2015-01-25,BEVERAGES,510186.0,479709.06
2015-02-01,BEVERAGES,518450.0,488218.16
2015-02-08,BEVERAGES,537556.0,532198.1
2015-02-15,BEVERAGES,513533.0,532151.06
2015-02-22,BEVERAGES,588238.0,558574.25
2015-03-01,BEVERAGES,527877.0,530864.8
2015-03-08,BEVERAGES,564253.0,541499.9
2015-03-15,BEVERAGES,538044.0,538193.06
2015-03-22,BEVERAGES,491863.0,541009.75
2015-03-29,BEVERAGES,487493.0,545619.7
2015-04-05,BEVERAGES,542678.0,555198.06
2015-04-12,BEVERAGES,551179.0,530998.75
2015-04-19,BEVERAGES,532415.0,584779.5
2015-04-26,BEVERAGES,537863.0,563611.6
2015-05-03,BEVERAGES,603444.0,651954.8
2015-05-10,BEVERAGES,599518.0,604668.4
2015-05-17,BEVERAGES,738624.0,623254.7
2015-05-24,BEVERAGES,705282.0,786404.6
2015-05-31,BEVERAGES,1148094.0,821227.0
2015-06-07,BEVERAGES,1213677.0,1041122.44
2015-06-14,BEVERAGES,1083104.0,1049615.5
2015-06-21,BEVERAGES,1100288.0,1060258.8
2015-06-28,BEVERAGES,1310053.0,1260331.8
2015-07-05,BEVERAGES,1403343.0,1337634.6
2015-07-12,BEVERAGES,1087719.0,1127577.1
2015-07-19,BEVERAGES,1036965.0,1050039.1
2015-07-26,BEVERAGES,1010871.0,1118460.6
2015-08-02,BEVERAGES,1082742.0,1139625.1
2015-08-09,BEVERAGES,1041690.0,1044231.2
2015-08-16,BEVERAGES,1153580.0,1073515.6
2015-08-23,BEVERAGES,1045599.0,1099914.8
2015-08-30,BEVERAGES,1079183.0,1131538.1
2015-09-06,BEVERAGES,1427123.0,1285752.6
2015-09-13,BEVERAGES,1273003.0,1274438.5
2015-09-20,BEVERAGES,1274411.0,1169783.4
2015-09-27,BEVERAGES,1237289.0,1261843.5
2015-10-04,BEVERAGES,1360042.0,1362311.6
2015-10-11,BEVERAGES,1262961.0,1275034.0
2015-10-18,BEVERAGES,1178516.0,1237784.1
2015-10-25,BEVERAGES,1123046.0,1133825.1
2015-11-01,BEVERAGES,1012480.0,1113718.1
2015-11-08,BEVERAGES,1300124.0,1162939.5
2015-11-15,BEVERAGES,1111074.0,1208481.0
2015-11-22,BEVERAGES,1123847.0,1099929.4
2015-11-29,BEVERAGES,1114457.0,1102010.9
2015-12-06,BEVERAGES,1281595.0,1253528.2
2015-12-13,BEVERAGES,1188989.0,1268747.4
2015-12-20,BEVERAGES,1223513.0,1254509.8
2015-12-27,BEVERAGES,1367373.0,1348318.4
2016-01-03,BEVERAGES,1326089.0,1294749.4
2016-01-10,BEVERAGES,1361790.0,1358218.4
2016-01-17,BEVERAGES,1160667.0,1231956.8
2016-01-24,BEVERAGES,1125070.0,1125425.2
2016-01-31,BEVERAGES,1105470.0,1030608.6
2016-02-07,BEVERAGES,1148425.0,1156779.9
2016-02-14,BEVERAGES,1133897.0,1138282.1
2016-02-21,BEVERAGES,1168159.0,1138282.1
2016-02-28,BEVERAGES,1121933.0,1126431.2
2016-03-06,BEVERAGES,1267907.0,1231410.2
2016-03-13,BEVERAGES,1109723.0,1180888.1
2016-03-20,BEVERAGES,1111627.0,1153153.6
2016-03-27,BEVERAGES,1104068.0,1149234.4
2016-04-03,BEVERAGES,1238918.0,1207104.6
2016-04-10,BEVERAGES,1177668.0,1150626.4
2016-04-17,BEVERAGES,1166211.0,1165382.6
2016-04-24,BEVERAGES,1943789.0,1820606.6
2016-05-01,BEVERAGES,1479159.0,1458093.5
2016-05-08,BEVERAGES,1642374.0,1643597.2
2016-05-15,BEVERAGES,1301226.0,1352242.2
2016-05-22,BEVERAGES,1124359.0,1203849.9
2016-05-29,BEVERAGES,1056272.0,1096287.5
2016-06-05,BEVERAGES,1200478.0,1185984.1
2016-06-12,BEVERAGES,999836.0,1095001.0
2016-06-19,BEVERAGES,1044342.0,1113704.9
2016-06-26,BEVERAGES,1439120.0,1281942.0
2016-07-03,BEVERAGES,1361018.0,1377217.1
2016-07-10,BEVERAGES,1101970.0,1159335.5
2016-07-17,BEVERAGES,1043018.0,1027013.94
2016-07-24,BEVERAGES,1201161.0,1153077.1
2016-07-31,BEVERAGES,1055073.0,1127096.9
2016-08-07,BEVERAGES,1155476.0,1182098.9
2016-08-14,BEVERAGES,1080380.0,1127121.8
2016-08-21,BEVERAGES,1130612.0,1118215.0
2016-08-28,BEVERAGES,1071620.0,1098196.5
2016-09-04,BEVERAGES,1253992.0,1215765.5
2016-09-11,BEVERAGES,1207442.0,1121268.0
2016-09-18,BEVERAGES,1084355.0,1142264.8
2016-09-25,BEVERAGES,1062888.0,1131098.6
2016-10-02,BEVERAGES,1174809.0,1214011.9
2016-10-09,BEVERAGES,1178384.0,1169383.4
2016-10-16,BEVERAGES,1113727.0,1090728.0
2016-10-23,BEVERAGES,1111548.0,1146742.9
2016-10-30,BEVERAGES,1078657.0,1151912.4
2016-11-06,BEVERAGES,1398627.0,1353741.2
2016-11-13,BEVERAGES,1534362.0,1432059.1
2016-11-20,BEVERAGES,1312090.0,1324029.5
2016-11-27,BEVERAGES,1272342.0,1300722.8
2016-12-04,BEVERAGES,1399914.0,1376635.5
2016-12-11,BEVERAGES,1342912.0,1481419.6
2016-12-18,BEVERAGES,1288254.0,1319752.1
2016-12-25,BEVERAGES,1449092.0,1426177.6
2017-01-01,BEVERAGES,1271454.0,1361748.0
2017-01-08,BEVERAGES,1714281.0,1586599.2
2017-01-15,BEVERAGES,1395062.0,1316456.5
2017-01-22,BEVERAGES,1431048.0,1358753.4
2017-01-29,BEVERAGES,1285322.0,1304567.5
2017-02-05,BEVERAGES,1362405.0,1438489.8
2017-02-12,BEVERAGES,1263005.0,1326843.5
2017-02-19,BEVERAGES,1199955.0,1279430.2
2017-02-26,BEVERAGES,1205691.0,1244358.8
2017-03-05,BEVERAGES,1483081.0,1395473.6
2017-03-12,BEVERAGES,1335778.0,1307795.9
2017-03-19,BEVERAGES,1426100.0,1357068.4
2017-03-26,BEVERAGES,1409934.0,1384885.4
2017-04-02,BEVERAGES,1457075.0,1419362.5
2017-04-09,BEVERAGES,1370345.0,1396898.0
2017-04-16,BEVERAGES,1492164.0,1440017.4
2017-04-23,BEVERAGES,1319957.0,1349248.5
2017-04-30,BEVERAGES,1325665.0,1372270.2
2017-05-07,BEVERAGES,1524916.0,1452987.2
2017-05-14,BEVERAGES,1199891.0,1282877.5
2017-05-21,BEVERAGES,1317735.0,1278630.6
2017-05-28,BEVERAGES,1290194.0,1264356.6
2017-06-04,BEVERAGES,1493682.0,1431694.5
2017-06-11,BEVERAGES,1465103.0,1353800.2
2017-06-18,BEVERAGES,1313649.0,1401157.9
2017-06-25,BEVERAGES,1801429.0,1768124.2
2017-07-02,BEVERAGES,1326264.0,1406679.4
2017-07-09,BEVERAGES,1567989.0,1563343.4
2017-07-16,BEVERAGES,1361851.0,1357069.5
2017-07-23,BEVERAGES,1348452.0,1281323.4
2017-07-30,BEVERAGES,1361379.0,1319617.9
2017-08-06,BEVERAGES,1436505.0,1410920.2
2017-08-13,BEVERAGES,1223297.0,1240490.9
2017-08-20,BEVERAGES,345605.0,365893.6
2013-04-07,BREAD/BAKERY,142862.00215,141262.52
2013-04-14,BREAD/BAKERY,128565.75102,137897.72
2013-04-21,BREAD/BAKERY,133223.13897,125682.32
2013-04-28,BREAD/BAKERY,129895.29096,125682.32
2013-05-05,BREAD/BAKERY,150192.774225,142385.98
2013-05-12,BREAD/BAKERY,157700.57400999998,149387.11
2013-05-19,BREAD/BAKERY,141713.205044,142984.02
2013-05-26,BREAD/BAKERY,133782.81205,138254.62
2013-06-02,BREAD/BAKERY,146851.33301,145574.11
2013-06-09,BREAD/BAKERY,145425.22495,144989.22
2013-06-16,BREAD/BAKERY,133607.48303,137202.64
2013-06-23,BREAD/BAKERY,136035.82214,142984.02
2013-06-30,BREAD/BAKERY,168023.49882,165940.16
2013-07-07,BREAD/BAKERY,162708.881004,167383.69
2013-07-14,BREAD/BAKERY,127040.31505,133995.95
2013-07-21,BREAD/BAKERY,125461.99294,129138.72
2013-07-28,BREAD/BAKERY,121539.34999,127015.445
2013-08-04,BREAD/BAKERY,134399.79200000002,128515.1
2013-08-11,BREAD/BAKERY,127419.25701,130766.24
2013-08-18,BREAD/BAKERY,129215.11011,124409.375
2013-08-25,BREAD/BAKERY,126987.34902,119744.43
2013-09-01,BREAD/BAKERY,138544.32996,128127.63
2013-09-08,BREAD/BAKERY,149392.444026,134219.84
2013-09-15,BREAD/BAKERY,137717.30603,130884.32
2013-09-22,BREAD/BAKERY,138689.98287,134505.05
2013-09-29,BREAD/BAKERY,138586.33002,139234.44
2013-10-06,BREAD/BAKERY,150034.83014,139739.98
2013-10-13,BREAD/BAKERY,136577.74419,139102.0
2013-10-20,BREAD/BAKERY,144461.74205,139102.0
2013-10-27,BREAD/BAKERY,133457.55304,139417.48
2013-11-03,BREAD/BAKERY,133695.7719,144105.78
2013-11-10,BREAD/BAKERY,139485.37193999998,149381.61
2013-11-17,BREAD/BAKERY,134889.58908,146239.19
2013-11-24,BREAD/BAKERY,135015.68295,149381.61
2013-12-01,BREAD/BAKERY,139446.27609,150130.38
2013-12-08,BREAD/BAKERY,141175.78395,146497.31
2013-12-15,BREAD/BAKERY,135805.54596,146497.31
2013-12-22,BREAD/BAKERY,155822.41996,168403.4
2013-12-29,BREAD/BAKERY,116948.671956,133474.97
2014-01-05,BREAD/BAKERY,148147.66395,161918.38
2014-01-12,BREAD/BAKERY,150693.08714,144877.97
2014-01-19,BREAD/BAKERY,145843.48405,145383.52
2014-01-26,BREAD/BAKERY,143995.53902,137713.66
2014-02-02,BREAD/BAKERY,140960.61586,146484.38
2014-02-09,BREAD/BAKERY,139088.874,146168.89
2014-02-16,BREAD/BAKERY,143258.05200999998,146168.89
2014-02-23,BREAD/BAKERY,136274.00206,146168.89
2014-03-02,BREAD/BAKERY,134169.13098000002,145663.34
2014-03-09,BREAD/BAKERY,154677.85195,166583.86
2014-03-16,BREAD/BAKERY,143328.28301,145166.19
2014-03-23,BREAD/BAKERY,145171.54604,144660.64
2014-03-30,BREAD/BAKERY,141425.14794,143160.98
2014-04-06,BREAD/BAKERY,147818.43792,138603.3
2014-04-13,BREAD/BAKERY,133594.64009,138603.3
2014-04-20,BREAD/BAKERY,130495.956074,138220.14
2014-04-27,BREAD/BAKERY,132481.01,131595.72
2014-05-04,BREAD/BAKERY,142335.3089,132101.27
2014-05-11,BREAD/BAKERY,129107.369894,139081.81
2014-05-18,BREAD/BAKERY,140314.36197,127808.42
2014-05-25,BREAD/BAKERY,140249.61509,138656.61
2014-06-01,BREAD/BAKERY,153867.42407,139162.16
2014-06-08,BREAD/BAKERY,157096.25206,133927.22
2014-06-15,BREAD/BAKERY,143689.93201,142583.98
2014-06-22,BREAD/BAKERY,148673.56612,144115.08
2014-06-29,BREAD/BAKERY,198442.235846,158520.7
2014-07-06,BREAD/BAKERY,177882.40984,190178.9
2014-07-13,BREAD/BAKERY,149369.32997,164214.38
2014-07-20,BREAD/BAKERY,154590.14301,134963.12
2014-07-27,BREAD/BAKERY,158613.14704,142375.9
2014-08-03,BREAD/BAKERY,176488.88078,136462.78
2014-08-10,BREAD/BAKERY,171475.89915,169727.58
2014-08-17,BREAD/BAKERY,166480.34412,171227.23
2014-08-24,BREAD/BAKERY,167991.91703,150756.67
2014-08-31,BREAD/BAKERY,173726.64205,143475.64
2014-09-07,BREAD/BAKERY,204241.16492,198429.86
2014-09-14,BREAD/BAKERY,193548.4952,222822.7
2014-09-21,BREAD/BAKERY,193008.84803,205914.28
2014-09-28,BREAD/BAKERY,178632.81402,205914.28
2014-10-05,BREAD/BAKERY,198606.11204,190031.33
2014-10-12,BREAD/BAKERY,180524.88183,188471.02
2014-10-19,BREAD/BAKERY,179388.32494000002,172748.92
2014-10-26,BREAD/BAKERY,169020.66408000002,172748.92
2014-11-02,BREAD/BAKERY,148960.35008,175432.02
2014-11-09,BREAD/BAKERY,184131.74893,172111.05
2014-11-16,BREAD/BAKERY,170741.43005,182100.45
2014-11-23,BREAD/BAKERY,168690.83302999998,182100.45
2014-11-30,BREAD/BAKERY,169609.43794,182100.45
2014-12-07,BREAD/BAKERY,178910.54601,184997.53
2014-12-14,BREAD/BAKERY,171818.9741,184997.53
2014-12-21,BREAD/BAKERY,174409.58289,186529.6
2014-12-28,BREAD/BAKERY,195768.98779,229970.17
2015-01-04,BREAD/BAKERY,173237.35906,143997.33
2015-01-11,BREAD/BAKERY,191790.20114,153701.62
2015-01-18,BREAD/BAKERY,185699.00494,192007.72
2015-01-25,BREAD/BAKERY,185399.45203,177121.47
2015-02-01,BREAD/BAKERY,184963.39895,173268.94
2015-02-08,BREAD/BAKERY,178881.94197,167666.69
2015-02-15,BREAD/BAKERY,160047.83295,167666.69
2015-02-22,BREAD/BAKERY,188940.24405,139915.1
2015-03-01,BREAD/BAKERY,184009.2181,188155.19
2015-03-08,BREAD/BAKERY,191492.78399,167666.69
2015-03-15,BREAD/BAKERY,181661.65713,192512.95
2015-03-22,BREAD/BAKERY,191580.66901,173268.94
2015-03-29,BREAD/BAKERY,184022.86702,188155.19
2015-04-05,BREAD/BAKERY,194358.32812,172433.1
2015-04-12,BREAD/BAKERY,189033.48894,183388.78
2015-04-19,BREAD/BAKERY,186723.37804,196999.28
2015-04-26,BREAD/BAKERY,185657.38393,192616.56
2015-05-03,BREAD/BAKERY,200944.91808,192616.56
2015-05-10,BREAD/BAKERY,196605.38503,225247.08
2015-05-17,BREAD/BAKERY,195195.93005,206806.6
2015-05-24,BREAD/BAKERY,186406.85392,196999.28
2015-05-31,BREAD/BAKERY,195917.10002,181277.19
2015-06-07,BREAD/BAKERY,202234.92821,196999.28
2015-06-14,BREAD/BAKERY,189221.96881,223968.7
2015-06-21,BREAD/BAKERY,189350.96408,208592.34
2015-06-28,BREAD/BAKERY,235793.16493,212748.12
2015-07-05,BREAD/BAKERY,232736.55596,246018.72
2015-07-12,BREAD/BAKERY,192324.43998,224921.38
2015-07-19,BREAD/BAKERY,187456.621,183428.4
2015-07-26,BREAD/BAKERY,187086.39511,188194.81
2015-08-02,BREAD/BAKERY,196561.37802,172472.72
2015-08-09,BREAD/BAKERY,184007.60623,189030.66
2015-08-16,BREAD/BAKERY,197508.49803,184736.1
2015-08-23,BREAD/BAKERY,183990.38596,183820.58
2015-08-30,BREAD/BAKERY,190183.58503,168098.48
2015-09-06,BREAD/BAKERY,221204.82999,196291.4
2015-09-13,BREAD/BAKERY,197646.11309,234262.45
2015-09-20,BREAD/BAKERY,197338.99397,192769.48
2015-09-27,BREAD/BAKERY,191727.63598,192769.48
2015-10-04,BREAD/BAKERY,204268.11397,192769.48
2015-10-11,BREAD/BAKERY,191904.52405,208842.06
2015-10-18,BREAD/BAKERY,194682.682,189973.53
2015-10-25,BREAD/BAKERY,186352.22396,192769.48
2015-11-01,BREAD/BAKERY,161229.05585,179730.48
2015-11-08,BREAD/BAKERY,201621.513,151978.89
2015-11-15,BREAD/BAKERY,180402.89888,212471.9
2015-11-22,BREAD/BAKERY,182166.1379,174520.4
2015-11-29,BREAD/BAKERY,174510.00799,174520.4
2015-12-06,BREAD/BAKERY,188342.95097,177417.48
2015-12-13,BREAD/BAKERY,176139.80603,193139.58
2015-12-20,BREAD/BAKERY,178118.76806,193388.6
2015-12-27,BREAD/BAKERY,183140.88106,209518.69
2016-01-03,BREAD/BAKERY,176071.08905,172165.08
2016-01-10,BREAD/BAKERY,195918.2121,188136.17
2016-01-17,BREAD/BAKERY,182528.048,192585.64
2016-01-24,BREAD/BAKERY,179658.60901,176863.55
2016-01-31,BREAD/BAKERY,181073.05817,180793.83
2016-02-07,BREAD/BAKERY,175972.32191,180793.83
2016-02-14,BREAD/BAKERY,180902.920135,176863.55
2016-02-21,BREAD/BAKERY,182927.07098,176863.55
2016-02-28,BREAD/BAKERY,180036.50104,180793.83
2016-03-06,BREAD/BAKERY,208739.09508,188136.17
2016-03-13,BREAD/BAKERY,188368.65788,204795.6
2016-03-20,BREAD/BAKERY,186109.40308,187887.17
2016-03-27,BREAD/BAKERY,173456.62206,172165.08
2016-04-03,BREAD/BAKERY,203391.40587,188136.17
2016-04-10,BREAD/BAKERY,189286.85797,204795.6
2016-04-17,BREAD/BAKERY,185350.82696,187887.17
2016-04-24,BREAD/BAKERY,240823.04185,234205.67
2016-05-01,BREAD/BAKERY,248059.20297,246576.17
2016-05-08,BREAD/BAKERY,275656.02288,282328.1
2016-05-15,BREAD/BAKERY,231434.05008,246655.38
2016-05-22,BREAD/BAKERY,205358.574,242022.3
2016-05-29,BREAD/BAKERY,198463.98531,217437.75
2016-06-05,BREAD/BAKERY,227332.3252,184711.84
2016-06-12,BREAD/BAKERY,205444.94803,212559.8
2016-06-19,BREAD/BAKERY,202993.61704,209549.05
2016-06-26,BREAD/BAKERY,269624.24697,228500.69
2016-07-03,BREAD/BAKERY,256075.33104,290273.78
2016-07-10,BREAD/BAKERY,207133.10017,225464.1
2016-07-17,BREAD/BAKERY,199282.97507,200879.55
2016-07-24,BREAD/BAKERY,225813.88087,188593.56
2016-07-31,BREAD/BAKERY,194237.92702,214713.86
2016-08-07,BREAD/BAKERY,207357.05095,173220.89
2016-08-14,BREAD/BAKERY,190311.51505,188422.66
2016-08-21,BREAD/BAKERY,198473.409,185998.11
2016-08-28,BREAD/BAKERY,186978.93398,184038.0
2016-09-04,BREAD/BAKERY,207899.94497,174850.69
2016-09-11,BREAD/BAKERY,209132.40805,207481.2
2016-09-18,BREAD/BAKERY,198622.511,202717.31
2016-09-25,BREAD/BAKERY,192085.799,190572.78
2016-10-02,BREAD/BAKERY,202512.92698,194094.7
2016-10-09,BREAD/BAKERY,204507.92398,215823.39
2016-10-16,BREAD/BAKERY,195100.11502,201878.95
2016-10-23,BREAD/BAKERY,188838.2909,184970.53
2016-10-30,BREAD/BAKERY,180011.614,189736.94
2016-11-06,BREAD/BAKERY,201351.22993,177533.78
2016-11-13,BREAD/BAKERY,241125.63506,224214.73
2016-11-20,BREAD/BAKERY,200687.052,234748.84
2016-11-27,BREAD/BAKERY,191267.12205,190459.92
2016-12-04,BREAD/BAKERY,206641.20507,202753.22
2016-12-11,BREAD/BAKERY,201388.97393,214895.23
2016-12-18,BREAD/BAKERY,194645.8361,207459.12
2016-12-25,BREAD/BAKERY,194692.89403,222651.9
2017-01-01,BREAD/BAKERY,168515.71502,185298.3
2017-01-08,BREAD/BAKERY,245140.984,216689.06
2017-01-15,BREAD/BAKERY,212560.68396,226791.27
2017-01-22,BREAD/BAKERY,213760.11196,202206.72
2017-01-29,BREAD/BAKERY,211541.3998,202206.72
2017-02-05,BREAD/BAKERY,227537.5401,221132.98
2017-02-12,BREAD/BAKERY,213930.35,226791.27
2017-02-19,BREAD/BAKERY,206879.91918,202206.72
2017-02-26,BREAD/BAKERY,196205.91012,215172.88
2017-03-05,BREAD/BAKERY,234583.97597,233678.6
2017-03-12,BREAD/BAKERY,217091.73108,239365.42
2017-03-19,BREAD/BAKERY,223622.77,231557.67
2017-03-26,BREAD/BAKERY,211630.89191,231557.67
2017-04-02,BREAD/BAKERY,215961.07801,216151.16
2017-04-09,BREAD/BAKERY,203268.77807,226791.27
2017-04-16,BREAD/BAKERY,211975.28891,202206.72
2017-04-23,BREAD/BAKERY,203256.89987,202206.72
2017-04-30,BREAD/BAKERY,200220.45999,206973.12
2017-05-07,BREAD/BAKERY,236730.9589,194422.47
2017-05-14,BREAD/BAKERY,200756.6071,229597.56
2017-05-21,BREAD/BAKERY,217774.89697,199242.73
2017-05-28,BREAD/BAKERY,206795.6312,226791.27
2017-06-04,BREAD/BAKERY,225467.32994,206973.12
2017-06-11,BREAD/BAKERY,210318.88109,232393.52
2017-06-18,BREAD/BAKERY,204580.396,207808.97
2017-06-25,BREAD/BAKERY,297430.17616000003,256317.55
2017-07-02,BREAD/BAKERY,215722.95313,304225.97
2017-07-09,BREAD/BAKERY,249404.98299,226591.9
2017-07-16,BREAD/BAKERY,204034.84701,225331.77
2017-07-23,BREAD/BAKERY,196272.52192,194553.45
2017-07-30,BREAD/BAKERY,199331.79809,187697.58
2017-08-06,BREAD/BAKERY,215378.20987,196875.61
2017-08-13,BREAD/BAKERY,194256.639,182746.45
2017-08-20,BREAD/BAKERY,57160.65202,58806.0
2013-04-07,CLEANING,382419.0,369658.8
2013-04-14,CLEANING,320811.0,351327.56
2013-04-21,CLEANING,324049.0,317915.22
2013-04-28,CLEANING,311735.0,330484.03
2013-05-05,CLEANING,385342.0,329384.0
2013-05-12,CLEANING,362491.0,362796.34
2013-05-19,CLEANING,339596.0,351663.84
2013-05-26,CLEANING,320069.0,330820.3
2013-06-02,CLEANING,360818.0,318836.4
2013-06-09,CLEANING,367718.0,351663.84
2013-06-16,CLEANING,307391.0,344382.8
2013-06-23,CLEANING,326205.0,314287.44
2013-06-30,CLEANING,403279.0,357234.97
2013-07-07,CLEANING,427813.0,393408.56
2013-07-14,CLEANING,304900.0,364451.84
2013-07-21,CLEANING,306177.0,315049.06
2013-07-28,CLEANING,301364.0,293659.6
2013-08-04,CLEANING,362777.0,353819.66
2013-08-11,CLEANING,328944.0,360073.47
2013-08-18,CLEANING,317207.0,322961.44
2013-08-25,CLEANING,316422.0,305299.4
2013-09-01,CLEANING,347144.0,335493.22
2013-09-08,CLEANING,375228.0,372241.12
2013-09-15,CLEANING,312947.0,343579.72
2013-09-22,CLEANING,310548.0,309038.25
2013-09-29,CLEANING,310582.0,332126.3
2013-10-06,CLEANING,380769.0,336062.2
2013-10-13,CLEANING,310669.0,343817.78
2013-10-20,CLEANING,315398.0,310405.44
2013-10-27,CLEANING,298288.0,310720.94
2013-11-03,CLEANING,344681.0,343386.3
2013-11-10,CLEANING,353734.0,354097.4
2013-11-17,CLEANING,309416.0,350449.44
2013-11-24,CLEANING,305430.0,320685.06
2013-12-01,CLEANING,329720.0,331512.34
2013-12-08,CLEANING,377832.0,365773.9
2013-12-15,CLEANING,352785.0,361291.62
2013-12-22,CLEANING,479031.0,383197.72
2013-12-29,CLEANING,379354.0,387794.03
2014-01-05,CLEANING,442223.0,402602.84
2014-01-12,CLEANING,383273.0,377798.25
2014-01-19,CLEANING,354675.0,386828.72
2014-01-26,CLEANING,342350.0,357815.47
2014-02-02,CLEANING,367072.0,351496.62
2014-02-09,CLEANING,370267.0,352843.5
2014-02-16,CLEANING,338017.0,352843.5
2014-02-23,CLEANING,335647.0,335964.03
2014-03-02,CLEANING,374103.0,335964.03
2014-03-09,CLEANING,450319.0,395125.78
2014-03-16,CLEANING,378025.0,364651.56
2014-03-23,CLEANING,375892.0,370838.78
2014-03-30,CLEANING,360754.0,377859.0
2014-04-06,CLEANING,405033.0,386820.97
2014-04-13,CLEANING,330829.0,375778.0
2014-04-20,CLEANING,326016.0,328957.28
2014-04-27,CLEANING,326528.0,334038.94
2014-05-04,CLEANING,379679.0,356342.72
2014-05-11,CLEANING,330392.0,368565.72
2014-05-18,CLEANING,336042.0,330324.5
2014-05-25,CLEANING,311278.0,328957.28
2014-06-01,CLEANING,346167.0,333786.16
2014-06-08,CLEANING,384376.0,368909.2
2014-06-15,CLEANING,308391.0,351489.88
2014-06-22,CLEANING,333984.0,339937.1
2014-06-29,CLEANING,434105.0,403316.6
2014-07-06,CLEANING,504175.0,431882.97
2014-07-13,CLEANING,371803.0,408743.34
2014-07-20,CLEANING,367662.0,353647.66
2014-07-27,CLEANING,351265.0,368475.7
2014-08-03,CLEANING,397876.0,395699.28
2014-08-10,CLEANING,351551.0,354792.22
2014-08-17,CLEANING,330694.0,354792.22
2014-08-24,CLEANING,334054.0,345193.78
2014-08-31,CLEANING,351096.0,337912.75
2014-09-07,CLEANING,449536.0,436812.75
2014-09-14,CLEANING,367712.0,387904.22
2014-09-21,CLEANING,369705.0,366820.6
2014-09-28,CLEANING,355810.0,389880.47
2014-10-05,CLEANING,454191.0,417576.78
2014-10-12,CLEANING,383883.0,403415.75
2014-10-19,CLEANING,376203.0,382585.78
2014-10-26,CLEANING,356510.0,360970.38
2014-11-02,CLEANING,357470.0,402920.72
2014-11-09,CLEANING,457836.0,372088.28
2014-11-16,CLEANING,363110.0,374295.12
2014-11-23,CLEANING,362043.0,358982.56
2014-11-30,CLEANING,378545.0,370321.9
2014-12-07,CLEANING,453253.0,456081.1
2014-12-14,CLEANING,415221.0,423278.47
2014-12-21,CLEANING,454170.0,424810.53
2014-12-28,CLEANING,600268.0,490487.06
2015-01-04,CLEANING,476241.0,438174.8
2015-01-11,CLEANING,472811.0,462434.3
2015-01-18,CLEANING,410627.0,430180.4
2015-01-25,CLEANING,399293.0,429252.38
2015-02-01,CLEANING,420308.0,409573.66
2015-02-08,CLEANING,456192.0,441327.1
2015-02-15,CLEANING,383198.0,414390.8
2015-02-22,CLEANING,433331.0,393053.53
2015-03-01,CLEANING,430811.0,415051.03
2015-03-08,CLEANING,457041.0,440092.47
2015-03-15,CLEANING,408246.0,411400.0
2015-03-22,CLEANING,400422.0,421123.0
2015-03-29,CLEANING,389351.0,407993.78
2015-04-05,CLEANING,463091.0,430188.47
2015-04-12,CLEANING,446174.0,415847.84
2015-04-19,CLEANING,424334.0,433250.4
2015-04-26,CLEANING,407291.0,433250.4
2015-05-03,CLEANING,448790.0,444844.03
2015-05-10,CLEANING,415678.0,446700.12
2015-05-17,CLEANING,415689.0,433702.4
2015-05-24,CLEANING,400509.0,433250.4
2015-05-31,CLEANING,432605.0,443005.34
2015-06-07,CLEANING,479797.0,437198.84
2015-06-14,CLEANING,393441.0,463497.16
2015-06-21,CLEANING,385595.0,416823.25
2015-06-28,CLEANING,478987.0,443513.9
2015-07-05,CLEANING,555193.0,526366.1
2015-07-12,CLEANING,423237.0,451634.3
2015-07-19,CLEANING,399690.0,393190.88
2015-07-26,CLEANING,387420.0,372307.9
2015-08-02,CLEANING,442391.0,407785.6
2015-08-09,CLEANING,430382.0,413435.03
2015-08-16,CLEANING,420613.0,424862.53
2015-08-23,CLEANING,403877.0,408224.9
2015-08-30,CLEANING,409074.0,417979.84
2015-09-06,CLEANING,529383.0,481976.72
2015-09-13,CLEANING,430257.0,444983.03
2015-09-20,CLEANING,422269.0,415441.94
2015-09-27,CLEANING,410743.0,450778.78
2015-10-04,CLEANING,516532.0,478875.9
2015-10-11,CLEANING,441764.0,450571.34
2015-10-18,CLEANING,414569.0,412896.56
2015-10-25,CLEANING,395338.0,415188.28
2015-11-01,CLEANING,373893.0,414928.94
2015-11-08,CLEANING,489949.0,412464.12
2015-11-15,CLEANING,387696.0,433889.97
2015-11-22,CLEANING,394234.0,389593.56
2015-11-29,CLEANING,383208.0,389593.56
2015-12-06,CLEANING,490396.0,451680.9
2015-12-13,CLEANING,427292.0,456903.03
2015-12-20,CLEANING,464444.0,443583.6
2015-12-27,CLEANING,570817.0,538065.0
2016-01-03,CLEANING,487455.0,512204.56
2016-01-10,CLEANING,506090.0,466809.84
2016-01-17,CLEANING,418451.0,432003.5
2016-01-24,CLEANING,416553.0,436825.5
2016-01-31,CLEANING,430785.0,435137.72
2016-02-07,CLEANING,491518.0,463903.16
2016-02-14,CLEANING,413151.0,437917.6
2016-02-21,CLEANING,407848.0,415407.44
2016-02-28,CLEANING,388476.0,411985.1
2016-03-06,CLEANING,493008.0,453337.9
2016-03-13,CLEANING,387125.0,442588.94
2016-03-20,CLEANING,387712.0,391186.62
2016-03-27,CLEANING,363298.0,406781.4
2016-04-03,CLEANING,475701.0,450849.62
2016-04-10,CLEANING,433527.0,502440.84
2016-04-17,CLEANING,394920.0,408321.84
2016-04-24,CLEANING,613133.0,549843.4
2016-05-01,CLEANING,541435.0,579446.94
2016-05-08,CLEANING,599399.0,579135.2
2016-05-15,CLEANING,473150.0,453604.6
2016-05-22,CLEANING,411529.0,451723.7
2016-05-29,CLEANING,403831.0,413821.4
2016-06-05,CLEANING,519363.0,468408.03
2016-06-12,CLEANING,402054.0,455929.8
2016-06-19,CLEANING,402091.0,414770.25
2016-06-26,CLEANING,533623.0,473286.2
2016-07-03,CLEANING,542451.0,551551.75
2016-07-10,CLEANING,434813.0,432434.16
2016-07-17,CLEANING,379979.0,400655.34
2016-07-24,CLEANING,443212.0,439536.1
2016-07-31,CLEANING,403024.0,413711.53
2016-08-07,CLEANING,456167.0,441272.56
2016-08-14,CLEANING,365957.0,398385.72
2016-08-21,CLEANING,402008.0,397592.47
2016-08-28,CLEANING,380135.0,406961.03
2016-09-04,CLEANING,476488.0,443988.34
2016-09-11,CLEANING,434336.0,465716.72
2016-09-18,CLEANING,403424.0,407652.9
2016-09-25,CLEANING,406340.0,456919.38
2016-10-02,CLEANING,457148.0,472150.25
2016-10-09,CLEANING,453964.0,434864.44
2016-10-16,CLEANING,397294.0,401327.2
2016-10-23,CLEANING,387959.0,399972.53
2016-10-30,CLEANING,379636.0,419688.44
2016-11-06,CLEANING,496696.0,458956.25
2016-11-13,CLEANING,534766.0,507697.5
2016-11-20,CLEANING,406688.0,439983.9
2016-11-27,CLEANING,415180.0,410135.16
2016-12-04,CLEANING,495667.0,510063.94
2016-12-11,CLEANING,477359.0,493669.3
2016-12-18,CLEANING,452906.0,467296.66
2016-12-25,CLEANING,547058.0,499300.38
2017-01-01,CLEANING,490364.0,500128.5
2017-01-08,CLEANING,620914.0,566825.9
2017-01-15,CLEANING,452087.0,511865.66
2017-01-22,CLEANING,446966.0,420704.78
2017-01-29,CLEANING,419245.0,393914.78
2017-02-05,CLEANING,525794.0,496086.56
2017-02-12,CLEANING,451985.0,490430.6
2017-02-19,CLEANING,415552.0,418998.7
2017-02-26,CLEANING,468178.0,443024.8
2017-03-05,CLEANING,546399.0,580575.3
2017-03-12,CLEANING,440749.0,513918.88
2017-03-19,CLEANING,439747.0,416936.16
2017-03-26,CLEANING,438476.0,474723.6
2017-04-02,CLEANING,489729.0,473657.0
2017-04-09,CLEANING,474194.0,513830.34
2017-04-16,CLEANING,461037.0,477063.56
2017-04-23,CLEANING,450236.0,434428.75
2017-04-30,CLEANING,478430.0,445033.56
2017-05-07,CLEANING,579485.0,564765.06
2017-05-14,CLEANING,464672.0,498683.66
2017-05-21,CLEANING,542678.0,509036.53
2017-05-28,CLEANING,489953.0,499067.72
2017-06-04,CLEANING,521432.0,545957.2
2017-06-11,CLEANING,464738.0,490208.5
2017-06-18,CLEANING,421698.0,491905.88
2017-06-25,CLEANING,622777.0,635688.4
2017-07-02,CLEANING,524038.0,660590.7
2017-07-09,CLEANING,625380.0,546112.06
2017-07-16,CLEANING,457523.0,533383.94
2017-07-23,CLEANING,440485.0,439532.38
2017-07-30,CLEANING,551059.0,487164.16
2017-08-06,CLEANING,566344.0,558345.8
2017-08-13,CLEANING,385393.0,407488.0
2017-08-20,CLEANING,113506.0,122246.27
2013-04-07,DAIRY,141847.0,144834.52
2013-04-14,DAIRY,126935.0,137918.31
2013-04-21,DAIRY,130828.0,130432.22
2013-04-28,DAIRY,127454.0,135667.16
2013-05-05,DAIRY,145809.0,146630.4
2013-05-12,DAIRY,157316.0,149387.11
2013-05-19,DAIRY,133034.0,138254.62
2013-05-26,DAIRY,129422.0,130768.54
2013-06-02,DAIRY,137669.0,138088.02
2013-06-09,DAIRY,139272.0,143489.56
2013-06-16,DAIRY,135013.0,135702.98
2013-06-23,DAIRY,131126.0,138254.62
2013-06-30,DAIRY,162211.0,159448.17
2013-07-07,DAIRY,159817.0,139126.55
2013-07-14,DAIRY,127240.0,133995.95
2013-07-21,DAIRY,130086.0,122909.72
2013-07-28,DAIRY,127797.0,127015.445
2013-08-04,DAIRY,135728.0,128515.1
2013-08-11,DAIRY,127322.0,130766.24
2013-08-18,DAIRY,126467.0,124409.375
2013-08-25,DAIRY,125474.0,121780.555
2013-09-01,DAIRY,137934.0,128127.63
2013-09-08,DAIRY,143341.0,134219.84
2013-09-15,DAIRY,131425.0,130884.32
2013-09-22,DAIRY,129117.0,120769.42
2013-09-29,DAIRY,130419.0,126998.47
2013-10-06,DAIRY,146233.0,127504.016
2013-10-13,DAIRY,131146.0,139102.0
2013-10-20,DAIRY,134602.0,126886.61
2013-10-27,DAIRY,127319.0,134688.1
2013-11-03,DAIRY,133629.0,136619.69
2013-11-10,DAIRY,209651.0,149381.61
2013-11-17,DAIRY,214477.0,206292.03
2013-11-24,DAIRY,213630.0,205210.61
2013-12-01,DAIRY,230149.0,224822.25
2013-12-08,DAIRY,257123.0,238666.89
2013-12-15,DAIRY,245812.0,244603.34
2013-12-22,DAIRY,317243.0,266509.5
2013-12-29,DAIRY,243333.0,304874.66
2014-01-05,DAIRY,286051.0,267767.9
2014-01-12,DAIRY,267210.0,276803.12
2014-01-19,DAIRY,262813.0,278302.78
2014-01-26,DAIRY,255775.0,242842.52
2014-02-02,DAIRY,257071.0,244342.17
2014-02-09,DAIRY,254715.0,244026.69
2014-02-16,DAIRY,257149.0,244026.69
2014-02-23,DAIRY,242717.0,244026.69
2014-03-02,DAIRY,237263.0,244026.69
2014-03-09,DAIRY,284322.0,264947.25
2014-03-16,DAIRY,258037.0,278085.4
2014-03-23,DAIRY,259631.0,243023.98
2014-03-30,DAIRY,261176.0,243023.98
2014-04-06,DAIRY,281810.0,236461.1
2014-04-13,DAIRY,253750.0,272506.56
2014-04-20,DAIRY,266319.0,237019.95
2014-04-27,DAIRY,244657.0,273448.6
2014-05-04,DAIRY,264388.0,238387.17
2014-05-11,DAIRY,246895.0,238387.17
2014-05-18,DAIRY,249213.0,238387.17
2014-05-25,DAIRY,240273.0,237019.95
2014-06-01,DAIRY,251739.0,237019.95
2014-06-08,DAIRY,265677.0,237019.95
2014-06-15,DAIRY,244937.0,240947.33
2014-06-22,DAIRY,249491.0,242478.42
2014-06-29,DAIRY,323218.0,278678.16
2014-07-06,DAIRY,307539.0,337192.78
2014-07-13,DAIRY,243251.0,310417.44
2014-07-20,DAIRY,245372.0,238977.05
2014-07-27,DAIRY,236225.0,244890.17
2014-08-03,DAIRY,252814.0,234320.58
2014-08-10,DAIRY,233532.0,234636.06
2014-08-17,DAIRY,232383.0,234636.06
2014-08-24,DAIRY,232808.0,241917.1
2014-08-31,DAIRY,247719.0,245975.44
2014-09-07,DAIRY,297386.0,261585.0
2014-09-14,DAIRY,262836.0,288408.75
2014-09-21,DAIRY,268831.0,253601.02
2014-09-28,DAIRY,256704.0,288662.4
2014-10-05,DAIRY,290512.0,264779.56
2014-10-12,DAIRY,266969.0,282558.53
2014-10-19,DAIRY,270751.0,271219.2
2014-10-26,DAIRY,255474.0,282558.53
2014-11-02,DAIRY,236291.0,250180.22
2014-11-09,DAIRY,293417.0,263271.5
2014-11-16,DAIRY,254629.0,280570.72
2014-11-23,DAIRY,257342.0,245509.28
2014-11-30,DAIRY,260449.0,245509.28
2014-12-07,DAIRY,282091.0,260988.1
2014-12-14,DAIRY,270386.0,298949.2
2014-12-21,DAIRY,285479.0,300481.25
2014-12-28,DAIRY,350707.0,332836.1
2015-01-04,DAIRY,279525.0,300642.97
2015-01-11,DAIRY,275007.0,250690.4
2015-01-18,DAIRY,258029.0,273020.8
2015-01-25,DAIRY,254021.0,238795.28
2015-02-01,DAIRY,263181.0,240530.3
2015-02-08,DAIRY,258788.0,234928.05
2015-02-15,DAIRY,224214.0,234928.05
2015-02-22,DAIRY,272308.0,234928.05
2015-03-01,DAIRY,264592.0,274755.84
2015-03-08,DAIRY,288939.0,234928.05
2015-03-15,DAIRY,270808.0,275261.1
2015-03-22,DAIRY,273010.0,275591.66
2015-03-29,DAIRY,268014.0,274755.84
2015-04-05,DAIRY,307258.0,274755.84
2015-04-12,DAIRY,275456.0,302515.94
2015-04-19,DAIRY,274936.0,291086.78
2015-04-26,DAIRY,267723.0,291086.78
2015-05-03,DAIRY,285971.0,291086.78
2015-05-10,DAIRY,287129.0,291086.78
2015-05-17,DAIRY,282779.0,289554.72
2015-05-24,DAIRY,274912.0,291086.78
2015-05-31,DAIRY,290551.0,291086.78
2015-06-07,DAIRY,307690.0,291340.44
2015-06-14,DAIRY,281725.0,326187.34
2015-06-21,DAIRY,292553.0,291340.44
2015-06-28,DAIRY,347148.0,308276.16
2015-07-05,DAIRY,355733.0,357065.16
2015-07-12,DAIRY,286991.0,326811.4
2015-07-19,DAIRY,278364.0,266176.53
2015-07-26,DAIRY,268787.0,273171.94
2015-08-02,DAIRY,284578.0,273171.94
2015-08-09,DAIRY,270388.0,271778.72
2015-08-16,DAIRY,288105.0,283206.22
2015-08-23,DAIRY,268591.0,266568.6
2015-08-30,DAIRY,280593.0,266568.6
2015-09-06,DAIRY,326419.0,279039.5
2015-09-13,DAIRY,280503.0,328429.4
2015-09-20,DAIRY,281464.0,275517.56
2015-09-27,DAIRY,275184.0,275517.56
2015-10-04,DAIRY,314668.0,279481.62
2015-10-11,DAIRY,297980.0,311060.72
2015-10-18,DAIRY,299609.0,309100.6
2015-10-25,DAIRY,291842.0,311896.53
2015-11-01,DAIRY,259377.0,278200.66
2015-11-08,DAIRY,331654.0,243139.31
2015-11-15,DAIRY,286329.0,317590.03
2015-11-22,DAIRY,293243.0,272990.53
2015-11-29,DAIRY,286885.0,272990.53
2015-12-06,DAIRY,320338.0,287465.78
2015-12-13,DAIRY,301071.0,316408.62
2015-12-20,DAIRY,318021.0,332379.72
2015-12-27,DAIRY,358148.0,361852.84
2016-01-03,DAIRY,314173.0,344390.56
2016-01-10,DAIRY,333910.0,322985.25
2016-01-17,DAIRY,302070.0,328245.5
2016-01-24,DAIRY,299572.0,315676.7
2016-01-31,DAIRY,294880.0,315642.9
2016-02-07,DAIRY,290579.0,283228.0
2016-02-14,DAIRY,302844.0,275333.66
2016-02-21,DAIRY,308162.0,311712.62
2016-02-28,DAIRY,306624.0,315642.9
2016-03-06,DAIRY,354207.0,322985.25
2016-03-13,DAIRY,317671.0,340426.5
2016-03-20,DAIRY,315566.0,307014.16
2016-03-27,DAIRY,311322.0,328375.9
2016-04-03,DAIRY,349844.0,326949.3
2016-04-10,DAIRY,328620.0,340426.5
2016-04-17,DAIRY,315450.0,323547.03
2016-04-24,DAIRY,372277.0,477195.62
2016-05-01,DAIRY,409565.0,389443.3
2016-05-08,DAIRY,473605.0,424141.7
2016-05-15,DAIRY,374699.0,369499.22
2016-05-22,DAIRY,333351.0,341215.28
2016-05-29,DAIRY,322194.0,324335.8
2016-06-05,DAIRY,363243.0,314744.78
2016-06-12,DAIRY,315281.0,327570.3
2016-06-19,DAIRY,326183.0,309537.97
2016-06-26,DAIRY,421117.0,365298.72
2016-07-03,DAIRY,404134.0,383377.75
2016-07-10,DAIRY,328417.0,354026.8
2016-07-17,DAIRY,305857.0,335189.25
2016-07-24,DAIRY,347349.0,344640.56
2016-07-31,DAIRY,300933.0,347113.3
2016-08-07,DAIRY,320999.0,334979.2
2016-08-14,DAIRY,284105.0,312003.06
2016-08-21,DAIRY,307667.0,272710.28
2016-08-28,DAIRY,295734.0,303165.06
2016-09-04,DAIRY,340184.0,298646.7
2016-09-11,DAIRY,337029.0,326232.72
2016-09-18,DAIRY,315007.0,321468.84
2016-09-25,DAIRY,304613.0,328823.88
2016-10-02,DAIRY,329121.0,336309.88
2016-10-09,DAIRY,334190.0,352621.44
2016-10-16,DAIRY,316560.0,334712.97
2016-10-23,DAIRY,306199.0,304097.66
2016-10-30,DAIRY,296325.0,326910.53
2016-11-06,DAIRY,354510.0,292971.44
2016-11-13,DAIRY,420489.0,372849.12
2016-11-20,DAIRY,343692.0,369974.84
2016-11-27,DAIRY,320983.0,338467.28
2016-12-04,DAIRY,356349.0,345461.06
2016-12-11,DAIRY,351548.0,366685.62
2016-12-18,DAIRY,346456.0,368633.9
2016-12-25,DAIRY,415523.0,405679.84
2017-01-01,DAIRY,330950.0,361806.4
2017-01-08,DAIRY,434559.0,425866.78
2017-01-15,DAIRY,350699.0,352649.97
2017-01-22,DAIRY,352660.0,353819.1
2017-01-29,DAIRY,343196.0,353819.1
2017-02-05,DAIRY,376155.0,380239.4
2017-02-12,DAIRY,347596.0,375008.28
2017-02-19,DAIRY,339473.0,355884.25
2017-02-26,DAIRY,313762.0,351970.9
2017-03-05,DAIRY,393612.0,403764.0
2017-03-12,DAIRY,355641.0,354391.56
2017-03-19,DAIRY,372220.0,366879.44
2017-03-26,DAIRY,368017.0,382039.4
2017-04-02,DAIRY,391924.0,368749.62
2017-04-09,DAIRY,357691.0,360925.84
2017-04-16,DAIRY,392430.0,355884.25
2017-04-23,DAIRY,354102.0,355884.25
2017-04-30,DAIRY,349599.0,359571.6
2017-05-07,DAIRY,421751.0,395269.62
2017-05-14,DAIRY,349826.0,348333.6
2017-05-21,DAIRY,362230.0,368749.62
2017-05-28,DAIRY,344357.0,354805.22
2017-06-04,DAIRY,382523.0,385358.88
2017-06-11,DAIRY,361705.0,364858.1
2017-06-18,DAIRY,349198.0,382863.84
2017-06-25,DAIRY,482276.0,522481.47
2017-07-02,DAIRY,354015.0,406089.22
2017-07-09,DAIRY,407925.0,386584.97
2017-07-16,DAIRY,325143.0,379866.62
2017-07-23,DAIRY,318160.0,326363.4
2017-07-30,DAIRY,318300.0,323136.12
2017-08-06,DAIRY,340015.0,353173.22
2017-08-13,DAIRY,297262.0,302051.22
2017-08-20,DAIRY,83757.0,111870.02
2013-04-07,DELI,80825.499956,83575.44
2013-04-14,DELI,70912.701974,78809.79
2013-04-21,DELI,74448.23402199999,78809.79
2013-04-28,DELI,71509.42201,78809.79
2013-05-05,DELI,87960.51699,90278.61
2013-05-12,DELI,90048.224036,90278.61
2013-05-19,DELI,77447.575004,79146.125
2013-05-26,DELI,75482.436004,79146.125
2013-06-02,DELI,83643.827992,82299.57
2013-06-09,DELI,81590.46902,81714.69
2013-06-16,DELI,72978.605004,71865.086
2013-06-23,DELI,73487.64699000001,79146.125
2013-06-30,DELI,89538.026996,101596.71
2013-07-07,DELI,84285.274,73788.984
2013-07-14,DELI,63898.048976,70158.055
2013-07-21,DELI,65022.012972,71287.22
2013-07-28,DELI,66180.172986,72726.62
2013-08-04,DELI,79882.832996,70158.055
2013-08-11,DELI,73426.212004,74055.51
2013-08-18,DELI,71826.07497,71287.22
2013-08-25,DELI,69417.47399,70158.055
2013-09-01,DELI,78961.796007,75026.055
2013-09-08,DELI,87037.258004,78361.625
2013-09-15,DELI,75983.88805000001,75026.055
2013-09-22,DELI,76518.137996,73896.89
2013-09-29,DELI,76018.01899,77794.34
2013-10-06,DELI,91247.598964,76465.45
2013-10-13,DELI,78191.175,75264.11
2013-10-20,DELI,78847.11802,75264.11
2013-10-27,DELI,74457.820008,75579.59
2013-11-03,DELI,81032.58596,80831.25
2013-11-10,DELI,81794.85601,85543.73
2013-11-17,DELI,75675.039996,81895.74
2013-11-24,DELI,75472.656006,85543.73
2013-12-01,DELI,78024.529946,80563.97
2013-12-08,DELI,84973.49900000001,76930.914
2013-12-15,DELI,79457.713984,76930.914
2013-12-22,DELI,104032.313924,98837.0
2013-12-29,DELI,85391.071062,80806.38
2014-01-05,DELI,97496.6939,129443.76
2014-01-12,DELI,85263.926,115660.34
2014-01-19,DELI,82691.94461199999,103588.37
2014-01-26,DELI,78643.1254,102120.664
2014-02-02,DELI,86305.61081,83209.836
2014-02-09,DELI,84814.73299,80325.79
2014-02-16,DELI,80898.306324,80325.79
2014-02-23,DELI,76694.75864,80325.79
2014-03-02,DELI,80212.444618,82894.35
2014-03-09,DELI,94661.38137,101246.3
2014-03-16,DELI,80845.461956,93963.62
2014-03-23,DELI,82047.68966999999,83220.53
2014-03-30,DELI,80440.93547,79323.08
2014-04-06,DELI,94504.49828,81152.28
2014-04-13,DELI,79656.88598400001,89326.805
2014-04-20,DELI,77348.22732,73319.05
2014-04-27,DELI,80233.64032,74686.266
2014-05-04,DELI,93139.72432,77254.83
2014-05-11,DELI,84475.90431,89326.805
2014-05-18,DELI,85323.3156,86025.625
2014-05-25,DELI,80402.5713,93540.625
2014-06-01,DELI,86120.96351999999,96109.19
2014-06-08,DELI,90306.68392,97438.08
2014-06-15,DELI,82072.728578,97468.01
2014-06-22,DELI,85775.564076,98999.11
2014-06-29,DELI,111020.31511,112899.17
2014-07-06,DELI,108184.09502,122190.24
2014-07-13,DELI,82203.61731999999,96853.234
2014-07-20,DELI,83265.377004,82212.695
2014-07-27,DELI,82517.132002,95552.77
2014-08-03,DELI,93836.342968,88678.71
2014-08-10,DELI,90237.26,97168.72
2014-08-17,DELI,85370.593004,82528.18
2014-08-24,DELI,84123.08402,89809.22
2014-08-31,DELI,89053.74706,85096.74
2014-09-07,DELI,102888.738986,104603.766
2014-09-14,DELI,86530.52096200001,104540.61
2014-09-21,DELI,89668.918976,89900.07
2014-09-28,DELI,86334.13696,96366.086
2014-10-05,DELI,102111.149,107798.28
2014-10-12,DELI,89928.673008,101258.95
2014-10-19,DELI,90381.342996,86618.414
2014-10-26,DELI,85436.154004,86618.414
2014-11-02,DELI,82857.48399,93198.96
2014-11-09,DELI,110728.558,117629.6
2014-11-16,DELI,92464.11903,110610.5
2014-11-23,DELI,96579.084,93401.4
2014-11-30,DELI,99686.773,111939.39
2014-12-07,DELI,111545.05801,118034.57
2014-12-14,DELI,100689.58302,109278.73
2014-12-21,DELI,108173.246,114708.24
2014-12-28,DELI,140381.38806,145169.23
2015-01-04,DELI,115238.49799,84232.51
2015-01-11,DELI,112513.462994,81248.46
2015-01-18,DELI,107920.422974,103832.45
2015-01-25,DELI,107439.71503,111910.9
2015-02-01,DELI,110142.388,107018.15
2015-02-08,DELI,111667.159034,103924.44
2015-02-15,DELI,96081.765966,99066.05
2015-02-22,DELI,116911.07401,99066.05
2015-03-01,DELI,116767.93703,119108.7
2015-03-08,DELI,122014.83402,116137.875
2015-03-15,DELI,109691.145044,123466.47
2015-03-22,DELI,109220.03901,109526.69
2015-03-29,DELI,107185.662,110190.5
2015-04-05,DELI,117619.27798,108690.84
2015-04-12,DELI,115216.76701,114342.3
2015-04-19,DELI,113786.834024,118843.055
2015-04-26,DELI,109396.994,118843.055
2015-05-03,DELI,120203.95799,123701.445
2015-05-10,DELI,116892.105024,135914.83
2015-05-17,DELI,113195.175032,134382.77
2015-05-24,DELI,108769.04895,118843.055
2015-05-31,DELI,118916.490044,123701.445
2015-06-07,DELI,125749.28896,135914.83
2015-06-14,DELI,112824.90101,134382.77
2015-06-21,DELI,112676.834,118843.055
2015-06-28,DELI,135214.143014,127857.21
2015-07-05,DELI,147889.22699999998,142870.11
2015-07-12,DELI,120339.70806,119557.36
2015-07-19,DELI,111624.90095,112071.27
2015-07-26,DELI,108634.95998,109516.99
2015-08-02,DELI,119522.49698,110022.54
2015-08-09,DELI,115282.8,117673.52
2015-08-16,DELI,119794.281996,116887.61
2015-08-23,DELI,110106.463008,110667.87
2015-08-30,DELI,113755.33001,100250.016
2015-09-06,DELI,140526.611,112720.84
2015-09-13,DELI,117987.154996,128898.445
2015-09-20,DELI,120532.50202,119616.78
2015-09-27,DELI,115243.931014,122912.016
2015-10-04,DELI,130775.07101,115591.33
2015-10-11,DELI,118271.02098,120576.516
2015-10-18,DELI,114835.00201,118616.41
2015-10-25,DELI,109737.123,109198.92
2015-11-01,DELI,84278.72202,112045.375
2015-11-08,DELI,112522.95801,97241.48
2015-11-15,DELI,95202.113966,111992.914
2015-11-22,DELI,97868.504034,101813.555
2015-11-29,DELI,96882.31099,89965.83
2015-12-06,DELI,116728.885988,106839.83
2015-12-13,DELI,102142.293982,115758.02
2015-12-20,DELI,108313.388986,116452.875
2015-12-27,DELI,127379.68394,130734.08
2016-01-03,DELI,116487.68005,112423.85
2016-01-10,DELI,118241.39996,130705.586
2016-01-17,DELI,106016.35501,119432.945
2016-01-24,DELI,104158.671998,109178.445
2016-01-31,DELI,105013.97404,110436.81
2016-02-07,DELI,109876.93499,112945.35
2016-02-14,DELI,105693.40897,104156.695
2016-02-21,DELI,105217.389994,104156.695
2016-02-28,DELI,103750.56998,108086.96
2016-03-06,DELI,123760.69904,115429.32
2016-03-13,DELI,103310.49799,114734.48
2016-03-20,DELI,101609.949006,99458.22
2016-03-27,DELI,92320.580994,99458.22
2016-04-03,DELI,119080.53999,105810.53
2016-04-10,DELI,110484.46404,114734.48
2016-04-17,DELI,103192.76905,99458.22
2016-04-24,DELI,122779.039006,161498.77
2016-05-01,DELI,136287.198,133726.05
2016-05-08,DELI,154411.585036,179543.86
2016-05-15,DELI,119573.36602,118618.445
2016-05-22,DELI,103625.44596,117305.164
2016-05-29,DELI,103608.42002,107769.04
2016-06-05,DELI,123116.65001,108274.586
2016-06-12,DELI,102816.85799,99709.7
2016-06-19,DELI,104311.891984,98017.9
2016-06-26,DELI,136008.580054,123163.31
2016-07-03,DELI,138232.329012,145870.03
2016-07-10,DELI,110732.551984,120039.51
2016-07-17,DELI,101507.957022,97277.17
2016-07-24,DELI,118453.46898,111650.75
2016-07-31,DELI,104567.84102,110308.234
2016-08-07,DELI,115547.22503,91149.97
2016-08-14,DELI,98343.21798,83085.266
2016-08-21,DELI,104621.955,102427.54
2016-08-28,DELI,98436.50001,95609.04
2016-09-04,DELI,118962.74502,107002.22
2016-09-11,DELI,111349.12799,117420.08
2016-09-18,DELI,101595.10997,97379.93
2016-09-25,DELI,98141.52,103643.484
2016-10-02,DELI,111457.481976,112023.8
2016-10-09,DELI,114116.06,115344.4
2016-10-16,DELI,103692.59397,96541.58
2016-10-23,DELI,100637.945,96541.58
2016-10-30,DELI,97635.882988,106166.375
2016-11-06,DELI,129396.084,109685.31
2016-11-13,DELI,141065.21992,151811.56
2016-11-20,DELI,114744.476016,145247.2
2016-11-27,DELI,109486.484012,116113.43
2016-12-04,DELI,123625.415016,121763.516
2016-12-11,DELI,120987.42298,140220.83
2016-12-18,DELI,119106.22001,129047.19
2016-12-25,DELI,143358.76298,165185.58
2017-01-01,DELI,118244.08808,123642.69
2017-01-08,DELI,142702.99397,159733.64
2017-01-15,DELI,112548.96502,121427.26
2017-01-22,DELI,115669.61497,121208.49
2017-01-29,DELI,114154.14599,115810.195
2017-02-05,DELI,130766.760946,126052.31
2017-02-12,DELI,116218.919996,115440.83
2017-02-19,DELI,111052.994954,101727.734
2017-02-26,DELI,109183.86701,127456.0
2017-03-05,DELI,135926.939,136188.92
2017-03-12,DELI,117684.87099,119918.93
2017-03-19,DELI,120331.38696,118707.58
2017-03-26,DELI,120371.239,132494.08
2017-04-02,DELI,130199.77203,148912.86
2017-04-09,DELI,122822.854976,115440.83
2017-04-16,DELI,121642.13202,131599.12
2017-04-23,DELI,118025.97903,113941.17
2017-04-30,DELI,118600.155988,120923.01
2017-05-07,DELI,140256.84497,125280.77
2017-05-14,DELI,112603.006016,138316.0
2017-05-21,DELI,122214.08798,129754.625
2017-05-28,DELI,117725.488956,128023.65
2017-06-04,DELI,136318.562,127152.055
2017-06-11,DELI,123039.537006,127029.51
2017-06-18,DELI,116347.49604,119543.42
2017-06-25,DELI,158239.07501,153969.5
2017-07-02,DELI,122078.129,129907.71
2017-07-09,DELI,148953.47799,131774.69
2017-07-16,DELI,118466.10401,133166.97
2017-07-23,DELI,115157.442008,129555.734
2017-07-30,DELI,113440.393996,121784.99
2017-08-06,DELI,125645.441,120202.984
2017-08-13,DELI,106659.259004,111341.5
2017-08-20,DELI,29598.194,26239.05
2013-04-07,GROCERY I,1190640.0,1128098.4
2013-04-14,GROCERY I,1040459.0,1031700.0
2013-04-21,GROCERY I,1055884.0,1083600.5
2013-04-28,GROCERY I,995625.0,1100582.8
2013-05-05,GROCERY I,1261779.0,1205112.6
2013-05-12,GROCERY I,1223765.0,1149388.1
2013-05-19,GROCERY I,1074601.0,1077562.1
2013-05-26,GROCERY I,1030879.0,1045148.75
2013-06-02,GROCERY I,1167501.0,1198930.4
2013-06-09,GROCERY I,1204309.0,1180478.1
2013-06-16,GROCERY I,1033460.0,1097152.9
2013-06-23,GROCERY I,1068733.0,1090047.4
2013-06-30,GROCERY I,1351787.0,1285337.2
2013-07-07,GROCERY I,1416140.0,1316007.8
2013-07-14,GROCERY I,1055076.0,1081615.1
2013-07-21,GROCERY I,1072602.0,1047033.06
2013-07-28,GROCERY I,1041072.0,1082648.6
2013-08-04,GROCERY I,1242908.0,1239693.1
2013-08-11,GROCERY I,1150829.0,1176844.0
2013-08-18,GROCERY I,1119594.0,1107556.6
2013-08-25,GROCERY I,1092125.0,1089335.9
2013-09-01,GROCERY I,1196595.0,1217197.0
2013-09-08,GROCERY I,1286503.0,1263573.2
2013-09-15,GROCERY I,1102492.0,1146559.5
2013-09-22,GROCERY I,1080616.0,1097783.5
2013-09-29,GROCERY I,1064930.0,1165190.1
2013-10-06,GROCERY I,1313815.0,1239825.2
2013-10-13,GROCERY I,1112692.0,1172140.2
2013-10-20,GROCERY I,1144282.0,1096560.8
2013-10-27,GROCERY I,1077439.0,1046737.7
2013-11-03,GROCERY I,1218645.0,1208581.8
2013-11-10,GROCERY I,1234171.0,1255728.2
2013-11-17,GROCERY I,1131645.0,1149510.8
2013-11-24,GROCERY I,1094186.0,1123903.6
2013-12-01,GROCERY I,1180659.0,1234597.1
2013-12-08,GROCERY I,1377497.0,1382802.9
2013-12-15,GROCERY I,1394415.0,1398965.0
2013-12-22,GROCERY I,1951532.0,1737577.2
2013-12-29,GROCERY I,1318779.0,1372728.0
2014-01-05,GROCERY I,1308389.179,1327535.9
2014-01-12,GROCERY I,1172560.092,1174238.4
2014-01-19,GROCERY I,1103189.226,1136714.8
2014-01-26,GROCERY I,1087640.466,1126532.4
2014-02-02,GROCERY I,1176831.574,1181028.4
2014-02-09,GROCERY I,1209901.0,1202325.2
2014-02-16,GROCERY I,1149529.0,1150138.0
2014-02-23,GROCERY I,1097424.0,1117205.8
2014-03-02,GROCERY I,1171570.644,1218582.8
2014-03-09,GROCERY I,1374088.681,1349951.5
2014-03-16,GROCERY I,1180230.197,1187788.6
2014-03-23,GROCERY I,1183400.187,1156803.1
2014-03-30,GROCERY I,1181154.0,1163557.4
2014-04-06,GROCERY I,1387407.357,1234362.2
2014-04-13,GROCERY I,1154046.405,1221813.1
2014-04-20,GROCERY I,1167560.305,1174967.6
2014-04-27,GROCERY I,1120370.382,1085228.2
2014-05-04,GROCERY I,1308342.5890000002,1224203.5
2014-05-11,GROCERY I,1170939.023,1253832.5
2014-05-18,GROCERY I,1192189.487,1181813.8
2014-05-25,GROCERY I,1123989.664,1194641.6
2014-06-01,GROCERY I,1239007.225,1246691.5
2014-06-08,GROCERY I,1337270.172,1269919.1
2014-06-15,GROCERY I,1142521.167,1268919.9
2014-06-22,GROCERY I,1174382.16,1204293.0
2014-06-29,GROCERY I,1542319.447,1413188.6
2014-07-06,GROCERY I,1581343.756,1553754.2
2014-07-13,GROCERY I,1165142.668,1170923.9
2014-07-20,GROCERY I,1158531.022,1152487.9
2014-07-27,GROCERY I,1129612.821,1183284.8
2014-08-03,GROCERY I,1294079.413,1302011.0
2014-08-10,GROCERY I,1216209.35,1235983.0
2014-08-17,GROCERY I,1180804.241,1168912.0
2014-08-24,GROCERY I,1177774.757,1148803.5
2014-08-31,GROCERY I,1227101.017,1283729.9
2014-09-07,GROCERY I,1447599.706,1400225.8
2014-09-14,GROCERY I,1214198.667,1246908.2
2014-09-21,GROCERY I,1212111.406,1200559.1
2014-09-28,GROCERY I,1151367.897,1270636.8
2014-10-05,GROCERY I,1433364.175,1383941.9
2014-10-12,GROCERY I,1281371.326,1293827.0
2014-10-19,GROCERY I,1238994.358,1299375.0
2014-10-26,GROCERY I,1185102.168,1156420.8
2014-11-02,GROCERY I,1187442.644,1254499.6
2014-11-09,GROCERY I,1470279.293,1382212.1
2014-11-16,GROCERY I,1228645.087,1310567.8
2014-11-23,GROCERY I,1235066.879,1223822.0
2014-11-30,GROCERY I,1315122.342,1258717.4
2014-12-07,GROCERY I,1601502.391,1589917.2
2014-12-14,GROCERY I,1675800.041,1656790.9
2014-12-21,GROCERY I,1902892.006,1857246.8
2014-12-28,GROCERY I,2203255.244,2171025.5
2015-01-04,GROCERY I,1431180.569,1468888.9
2015-01-11,GROCERY I,1370355.423,1328406.8
2015-01-18,GROCERY I,1219965.238,1191433.8
2015-01-25,GROCERY I,1224646.8569999998,1203349.8
2015-02-01,GROCERY I,1292713.26,1313525.8
2015-02-08,GROCERY I,1365133.06,1388643.9
2015-02-15,GROCERY I,1192345.673,1227335.4
2015-02-22,GROCERY I,1368306.745,1224961.5
2015-03-01,GROCERY I,1367850.892,1340017.4
2015-03-08,GROCERY I,1456042.626,1433924.9
2015-03-15,GROCERY I,1346693.939,1344595.8
2015-03-22,GROCERY I,1340037.943,1359867.6
2015-03-29,GROCERY I,1310109.804,1369209.0
2015-04-05,GROCERY I,1527266.0699999998,1434947.5
2015-04-12,GROCERY I,1374333.136,1364816.4
2015-04-19,GROCERY I,1349453.268,1357767.6
2015-04-26,GROCERY I,1288515.128,1395263.9
2015-05-03,GROCERY I,1455400.158,1381239.2
2015-05-10,GROCERY I,1417558.896,1392441.5
2015-05-17,GROCERY I,1371294.894,1401874.9
2015-05-24,GROCERY I,1316321.692,1355310.5
2015-05-31,GROCERY I,1434673.84,1432510.0
2015-06-07,GROCERY I,1561070.333,1538921.8
2015-06-14,GROCERY I,1319146.709,1376989.5
2015-06-21,GROCERY I,1309111.905,1355980.0
2015-06-28,GROCERY I,1588226.88,1494578.9
2015-07-05,GROCERY I,1802349.47,1688247.4
2015-07-12,GROCERY I,1431916.471,1510163.2
2015-07-19,GROCERY I,1344794.576,1372577.1
2015-07-26,GROCERY I,1320353.759,1360853.9
2015-08-02,GROCERY I,1486106.517,1465553.9
2015-08-09,GROCERY I,1418830.03,1435641.6
2015-08-16,GROCERY I,1514463.278,1487840.6
2015-08-23,GROCERY I,1375421.549,1380533.4
2015-08-30,GROCERY I,1395381.391,1443605.8
2015-09-06,GROCERY I,1792185.889,1679830.2
2015-09-13,GROCERY I,1470350.65,1467840.6
2015-09-20,GROCERY I,1467252.351,1446726.4
2015-09-27,GROCERY I,1400463.956,1419148.0
2015-10-04,GROCERY I,1764338.314,1759202.1
2015-10-11,GROCERY I,1627247.727,1557832.4
2015-10-18,GROCERY I,1519375.075,1505655.2
2015-10-25,GROCERY I,1451112.952,1421008.0
2015-11-01,GROCERY I,1412219.597,1481647.0
2015-11-08,GROCERY I,1783962.994,1700749.4
2015-11-15,GROCERY I,1469002.908,1569594.8
2015-11-22,GROCERY I,1475941.295,1516099.5
2015-11-29,GROCERY I,1468255.657,1459458.6
2015-12-06,GROCERY I,1865068.589,1840418.4
2015-12-13,GROCERY I,1745295.0180000002,1832487.9
2015-12-20,GROCERY I,2076848.541,2007794.5
2015-12-27,GROCERY I,2277493.567,2210562.0
2016-01-03,GROCERY I,1645829.576,1671300.8
2016-01-10,GROCERY I,1694681.017,1681450.9
2016-01-17,GROCERY I,1451712.167,1458861.4
2016-01-24,GROCERY I,1423934.28,1426603.1
2016-01-31,GROCERY I,1448729.464,1490078.8
2016-02-07,GROCERY I,1576746.567,1529627.1
2016-02-14,GROCERY I,1540365.317,1545066.6
2016-02-21,GROCERY I,1507741.605,1540311.2
2016-02-28,GROCERY I,1462157.032,1490630.2
2016-03-06,GROCERY I,1817761.258,1748286.2
2016-03-13,GROCERY I,1501722.495,1514384.8
2016-03-20,GROCERY I,1476189.392,1485434.8
2016-03-27,GROCERY I,1420472.766,1414768.9
2016-04-03,GROCERY I,1734183.396,1676427.4
2016-04-10,GROCERY I,1623598.099,1576881.1
2016-04-17,GROCERY I,1639573.542,1673503.8
2016-04-24,GROCERY I,3204105.968,3044432.0
2016-05-01,GROCERY I,2155641.903,2122681.2
2016-05-08,GROCERY I,2396809.069,2416303.0
2016-05-15,GROCERY I,1780269.899,1769022.8
2016-05-22,GROCERY I,1525958.603,1561084.1
2016-05-29,GROCERY I,1518031.081,1555708.4
2016-06-05,GROCERY I,1925422.821,1927654.1
2016-06-12,GROCERY I,1525793.817,1581491.2
2016-06-19,GROCERY I,1535063.519,1519061.9
2016-06-26,GROCERY I,1973835.348,1889010.2
2016-07-03,GROCERY I,2000605.181,1972224.1
2016-07-10,GROCERY I,1623084.348,1617171.9
2016-07-17,GROCERY I,1448170.4360000002,1510280.6
2016-07-24,GROCERY I,1701695.203,1643037.9
2016-07-31,GROCERY I,1511987.5329999998,1612720.2
2016-08-07,GROCERY I,1685610.27,1623662.9
2016-08-14,GROCERY I,1387413.42,1464427.1
2016-08-21,GROCERY I,1479891.846,1568256.1
2016-08-28,GROCERY I,1390105.06,1381998.9
2016-09-04,GROCERY I,1703490.735,1738570.4
2016-09-11,GROCERY I,1598420.299,1610277.4
2016-09-18,GROCERY I,1469151.392,1482191.2
2016-09-25,GROCERY I,1442239.397,1439224.4
2016-10-02,GROCERY I,1666092.54,1658054.9
2016-10-09,GROCERY I,1705623.248,1693954.8
2016-10-16,GROCERY I,1537257.19,1559881.4
2016-10-23,GROCERY I,1484557.684,1517905.4
2016-10-30,GROCERY I,1420194.517,1440431.9
2016-11-06,GROCERY I,1874182.375,1761545.2
2016-11-13,GROCERY I,1982028.698,1958169.6
2016-11-20,GROCERY I,1681904.655,1666566.6
2016-11-27,GROCERY I,1623134.519,1700844.9
2016-12-04,GROCERY I,1943344.344,2018709.9
2016-12-11,GROCERY I,1962084.123,1980910.1
2016-12-18,GROCERY I,2116651.092,2123660.2
2016-12-25,GROCERY I,2764264.987,2740415.0
2017-01-01,GROCERY I,1709156.59,1733089.8
2017-01-08,GROCERY I,2132952.209,2085160.4
2017-01-15,GROCERY I,1644260.6,1631415.9
2017-01-22,GROCERY I,1633606.692,1619293.6
2017-01-29,GROCERY I,1579746.123,1602649.1
2017-02-05,GROCERY I,1866652.725,1875713.8
2017-02-12,GROCERY I,1636312.255,1658742.0
2017-02-19,GROCERY I,1602222.832,1607662.1
2017-02-26,GROCERY I,1606259.254,1660153.2
2017-03-05,GROCERY I,2029739.1,1992642.6
2017-03-12,GROCERY I,1761522.715,1735210.9
2017-03-19,GROCERY I,1707199.271,1686898.4
2017-03-26,GROCERY I,1728515.855,1726330.6
2017-04-02,GROCERY I,2005630.993,1924917.6
2017-04-09,GROCERY I,1869148.296,1868695.9
2017-04-16,GROCERY I,1943922.582,1898422.4
2017-04-23,GROCERY I,1691092.94,1711106.8
2017-04-30,GROCERY I,1672835.971,1702690.4
2017-05-07,GROCERY I,2093464.417,2052796.1
2017-05-14,GROCERY I,1693413.158,1702781.1
2017-05-21,GROCERY I,1812468.629,1771943.9
2017-05-28,GROCERY I,1721804.742,1686375.9
2017-06-04,GROCERY I,2024228.433,1965053.9
2017-06-11,GROCERY I,1874331.709,1869568.2
2017-06-18,GROCERY I,1723112.302,1834713.2
2017-06-25,GROCERY I,2318157.203,2307685.2
2017-07-02,GROCERY I,1809834.228,1797921.6
2017-07-09,GROCERY I,2115078.214,2058578.6
2017-07-16,GROCERY I,1625023.17,1664991.9
2017-07-23,GROCERY I,1659399.654,1675740.6
2017-07-30,GROCERY I,1719374.188,1694143.4
2017-08-06,GROCERY I,1932154.346,1898893.4
2017-08-13,GROCERY I,1598694.319,1585812.2
2017-08-20,GROCERY I,449563.819,523296.75
2013-04-07,MEATS,136617.677644,124392.42
2013-04-14,MEATS,115436.726997,129632.59
2013-04-21,MEATS,120544.08094,109933.1
2013-04-28,MEATS,116601.065762,120350.96
2013-05-05,MEATS,135846.443912,141880.44
2013-05-12,MEATS,131486.220116,141101.34
2013-05-19,MEATS,119912.753072,122482.875
2013-05-26,MEATS,121400.916162,122482.875
2013-06-02,MEATS,138545.46688700002,131332.83
2013-06-09,MEATS,131030.111994,138234.03
2013-06-16,MEATS,118111.498977,115201.836
2013-06-23,MEATS,125351.232032,122482.875
2013-06-30,MEATS,152351.225258,153198.56
2013-07-07,MEATS,153575.01328100002,129647.25
2013-07-14,MEATS,121299.862336,120980.88
2013-07-21,MEATS,118491.917044,118159.75
2013-07-28,MEATS,112750.786056,122265.52
2013-08-04,MEATS,131799.945019,109499.67
2013-08-11,MEATS,120198.979021,113494.805
2013-08-18,MEATS,114929.044767,114623.97
2013-08-25,MEATS,117936.423852,101281.37
2013-09-01,MEATS,131329.364917,128127.63
2013-09-08,MEATS,137728.476887,121698.375
2013-09-15,MEATS,124415.617771,125848.88
2013-09-22,MEATS,123923.585898,117233.64
2013-09-29,MEATS,122037.427677,126998.47
2013-10-06,MEATS,142917.684099,126998.47
2013-10-13,MEATS,125758.587023,129622.72
2013-10-20,MEATS,129205.315966,122136.64
2013-10-27,MEATS,126798.780887,118916.34
2013-11-03,MEATS,132185.470939,130370.16
2013-11-10,MEATS,135624.71711,132416.23
2013-11-17,MEATS,123397.241025,136254.27
2013-11-24,MEATS,125721.269922,132416.23
2013-12-01,MEATS,125847.147954,136394.66
2013-12-08,MEATS,132814.241795,134261.25
2013-12-15,MEATS,123671.456868,123803.445
2013-12-22,MEATS,143263.753067,145709.48
2013-12-29,MEATS,112065.832985,120524.47
2014-01-05,MEATS,114436.693565,142902.94
2014-01-12,MEATS,105736.263845,112147.44
2014-01-19,MEATS,118196.628046,117382.375
2014-01-26,MEATS,114534.315502,123978.02
2014-02-02,MEATS,111629.851216,113264.24
2014-02-09,MEATS,114008.110865,108090.37
2014-02-16,MEATS,115504.184219,111449.1
2014-02-23,MEATS,124206.169141,111449.1
2014-03-02,MEATS,119232.865041,123662.54
2014-03-09,MEATS,134414.910398,146082.66
2014-03-16,MEATS,122664.020175,130145.87
2014-03-23,MEATS,122067.156969,127695.266
2014-03-30,MEATS,120596.509586,122659.83
2014-04-06,MEATS,137962.726797,125346.164
2014-04-13,MEATS,114238.377024,128102.79
2014-04-20,MEATS,96392.632986,104442.36
2014-04-27,MEATS,116515.832974,105809.58
2014-05-04,MEATS,135455.575549,126288.19
2014-05-11,MEATS,121331.457903,125509.06
2014-05-18,MEATS,118322.7113,127566.75
2014-05-25,MEATS,116489.474661,127995.125
2014-06-01,MEATS,124271.918297,136260.25
2014-06-08,MEATS,134988.241774,129494.78
2014-06-15,MEATS,125867.098244,148290.77
2014-06-22,MEATS,130644.36784,142335.77
2014-06-29,MEATS,162013.569826,159771.62
2014-07-06,MEATS,152961.70741,161671.28
2014-07-13,MEATS,121451.63634,141321.25
2014-07-20,MEATS,120146.023246,133835.16
2014-07-27,MEATS,118468.392974,144983.22
2014-08-03,MEATS,131035.497033,140569.75
2014-08-10,MEATS,123370.890876,125864.9
2014-08-17,MEATS,121854.189117,125864.9
2014-08-24,MEATS,122802.364262,133145.9
2014-08-31,MEATS,123967.146856,129400.68
2014-09-07,MEATS,148690.63415,146509.88
2014-09-14,MEATS,124836.17106,140722.86
2014-09-21,MEATS,129691.261963,136772.55
2014-09-28,MEATS,121886.918912,138272.2
2014-10-05,MEATS,142587.003765,154939.34
2014-10-12,MEATS,125465.985067,138408.44
2014-10-19,MEATS,129171.288964,130922.34
2014-10-26,MEATS,123855.791824,127386.57
2014-11-02,MEATS,120341.675918,138840.38
2014-11-09,MEATS,133328.449088,158036.06
2014-11-16,MEATS,113286.796011,147759.97
2014-11-23,MEATS,112354.328941,126008.42
2014-11-30,MEATS,112078.158972,124524.71
2014-12-07,MEATS,131113.20907,135134.5
2014-12-14,MEATS,121221.110959,135406.33
2014-12-21,MEATS,122805.599924,136938.39
2014-12-28,MEATS,147165.427618,171296.89
2015-01-04,MEATS,117965.848809,87947.59
2015-01-11,MEATS,127587.734022,98320.29
2015-01-18,MEATS,125934.264049,123119.71
2015-01-25,MEATS,123098.48205,129190.49
2015-02-01,MEATS,124186.388928,121740.125
2015-02-08,MEATS,131529.060115,119852.96
2015-02-15,MEATS,114866.076022,118353.305
2015-02-22,MEATS,127732.467911,104087.8
2015-03-01,MEATS,124546.692681,123119.71
2015-03-08,MEATS,133004.24004200002,123082.695
2015-03-15,MEATS,120968.120132,125262.05
2015-03-22,MEATS,122526.095117,123955.555
2015-03-29,MEATS,116563.514028,124619.37
2015-04-05,MEATS,114929.265824,127849.1
2015-04-12,MEATS,126987.399945,103924.44
2015-04-19,MEATS,125626.032835,135914.83
2015-04-26,MEATS,121229.52705,135914.83
2015-05-03,MEATS,135450.562008,135914.83
2015-05-10,MEATS,131452.739764,146936.7
2015-05-17,MEATS,127547.35811,137918.55
2015-05-24,MEATS,126224.52798,135914.83
2015-05-31,MEATS,132282.586964,144180.0
2015-06-07,MEATS,143692.414741,145679.66
2015-06-14,MEATS,133479.392015,145404.64
2015-06-21,MEATS,132175.372169,146936.7
2015-06-28,MEATS,153638.828108,148335.78
2015-07-05,MEATS,175339.531294,152855.03
2015-07-12,MEATS,132267.373994,154523.55
2015-07-19,MEATS,130387.488068,123766.06
2015-07-26,MEATS,127008.668093,129038.016
2015-08-02,MEATS,136424.48992700002,130537.67
2015-08-09,MEATS,132071.544983,136854.39
2015-08-16,MEATS,131690.222913,136066.42
2015-08-23,MEATS,126000.036118,119428.86
2015-08-30,MEATS,126635.245064,125657.89
2015-09-06,MEATS,148565.476069,133378.75
2015-09-13,MEATS,128364.616927,137342.89
2015-09-20,MEATS,133016.633101,125127.445
2015-09-27,MEATS,125721.748018,125127.445
2015-10-04,MEATS,140860.917905,130362.38
2015-10-11,MEATS,130833.450063,131777.64
2015-10-18,MEATS,130072.800152,125561.23
2015-10-25,MEATS,127588.122959,128377.766
2015-11-01,MEATS,114437.440166,137289.88
2015-11-08,MEATS,134815.672023,112045.375
2015-11-15,MEATS,123862.182893,133907.83
2015-11-22,MEATS,122468.808214,121100.805
2015-11-29,MEATS,120621.33487,118885.375
2015-12-06,MEATS,137409.355174,130226.984
2015-12-13,MEATS,126223.002833,127255.11
2015-12-20,MEATS,131718.91196,135024.31
2015-12-27,MEATS,133934.637327,151658.39
2016-01-03,MEATS,121980.902917,132206.92
2016-01-10,MEATS,146825.296113,134716.56
2016-01-17,MEATS,136174.287071,135659.39
2016-01-24,MEATS,130142.156978,135659.39
2016-01-31,MEATS,130289.936212,129908.76
2016-02-07,MEATS,142892.834846,134108.78
2016-02-14,MEATS,127474.046683,140409.38
2016-02-21,MEATS,130126.996151,128193.93
2016-02-28,MEATS,127655.139015,132124.16
2016-03-06,MEATS,148451.118013,146201.11
2016-03-13,MEATS,126577.241922,130981.54
2016-03-20,MEATS,123329.147142,118745.484
2016-03-27,MEATS,101393.421922,120245.14
2016-04-03,MEATS,137698.711983,125686.01
2016-04-10,MEATS,134564.833985,127731.22
2016-04-17,MEATS,123982.359938,127731.22
2016-04-24,MEATS,151807.6829579,176775.02
2016-05-01,MEATS,164828.909989,148156.95
2016-05-08,MEATS,186437.677108,192738.31
2016-05-15,MEATS,144944.119262,150650.84
2016-05-22,MEATS,128093.10002,134776.14
2016-05-29,MEATS,123987.584859,127290.1
2016-06-05,MEATS,147441.057057,128789.76
2016-06-12,MEATS,126016.355784,119396.16
2016-06-19,MEATS,128416.314786,122055.13
2016-06-26,MEATS,174696.243748,147200.53
2016-07-03,MEATS,163544.278665,185106.2
2016-07-10,MEATS,132526.14317300002,130300.14
2016-07-17,MEATS,131827.381372,121314.41
2016-07-24,MEATS,146436.890079,132671.4
2016-07-31,MEATS,134494.062209,123049.86
2016-08-07,MEATS,143194.273182,122544.31
2016-08-14,MEATS,118659.906012,120837.64
2016-08-21,MEATS,132316.170021,126841.31
2016-08-28,MEATS,128380.378778,124375.66
2016-09-04,MEATS,140073.120001,132915.62
2016-09-11,MEATS,132008.279096,131451.69
2016-09-18,MEATS,127416.284132,126146.555
2016-09-25,MEATS,127415.578966,122930.74
2016-10-02,MEATS,133655.13201,131182.05
2016-10-09,MEATS,222038.715027,143488.38
2016-10-16,MEATS,137053.815049,199394.92
2016-10-23,MEATS,125701.351005,120408.125
2016-10-30,MEATS,123073.62703,129839.24
2016-11-06,MEATS,140365.754306,133863.7
2016-11-13,MEATS,155944.795002,155130.06
2016-11-20,MEATS,135490.09219599998,137849.88
2016-11-27,MEATS,135532.137936,133554.27
2016-12-04,MEATS,143079.37995,144640.5
2016-12-11,MEATS,134688.804064,138879.98
2016-12-18,MEATS,132449.250085,138374.44
2016-12-25,MEATS,138253.281974,165246.84
2017-01-01,MEATS,124156.31819,135127.23
2017-01-08,MEATS,163887.264099,174248.45
2017-01-15,MEATS,146059.863891,134621.69
2017-01-22,MEATS,140105.11711,133122.03
2017-01-29,MEATS,132534.453066,128392.68
2017-02-05,MEATS,148618.92397499998,146567.4
2017-02-12,MEATS,135195.899997,135127.23
2017-02-19,MEATS,135653.688625,134621.69
2017-02-26,MEATS,130654.338082,147587.86
2017-03-05,MEATS,149221.729199,161938.97
2017-03-12,MEATS,134101.481006,133113.38
2017-03-19,MEATS,136622.150995,139388.1
2017-03-26,MEATS,135457.863792,134658.7
2017-04-02,MEATS,145874.268085,147572.02
2017-04-09,MEATS,134311.618978,134621.69
2017-04-16,MEATS,127065.493629,134621.69
2017-04-23,MEATS,140018.760118,127135.64
2017-04-30,MEATS,135541.818082,139893.64
2017-05-07,MEATS,153645.445942,143745.86
2017-05-14,MEATS,132919.374817,132698.6
2017-05-21,MEATS,142636.668062,141080.06
2017-05-28,MEATS,137106.749038,133122.03
2017-06-04,MEATS,153090.734915,139893.64
2017-06-11,MEATS,145946.392052,154306.4
2017-06-18,MEATS,142370.09995,154811.95
2017-06-25,MEATS,186213.588654,174650.05
2017-07-02,MEATS,148728.249197,164414.48
2017-07-09,MEATS,166350.03601799998,136662.89
2017-07-16,MEATS,136684.743066,127709.34
2017-07-23,MEATS,143579.690113,129209.0
2017-07-30,MEATS,140536.101845,137526.52
2017-08-06,MEATS,153183.738394,146704.55
2017-08-13,MEATS,132982.931265,132022.03
2017-08-20,MEATS,34903.856984,36561.74
2013-04-07,PERSONAL CARE,90582.0,85746.6
2013-04-14,PERSONAL CARE,75573.0,78809.79
2013-04-21,PERSONAL CARE,75647.0,78809.79
2013-04-28,PERSONAL CARE,67153.0,78809.79
2013-05-05,PERSONAL CARE,86349.0,92847.17
2013-05-12,PERSONAL CARE,75988.0,90278.61
2013-05-19,PERSONAL CARE,70498.0,79146.125
2013-05-26,PERSONAL CARE,66028.0,79146.125
2013-06-02,PERSONAL CARE,74021.0,82299.57
2013-06-09,PERSONAL CARE,75845.0,79146.125
2013-06-16,PERSONAL CARE,57431.0,71865.086
2013-06-23,PERSONAL CARE,64291.0,79146.125
2013-06-30,PERSONAL CARE,87203.0,101596.71
2013-07-07,PERSONAL CARE,96181.0,77686.44
2013-07-14,PERSONAL CARE,66616.0,84798.59
2013-07-21,PERSONAL CARE,61883.0,71287.22
2013-07-28,PERSONAL CARE,61907.0,72726.62
2013-08-04,PERSONAL CARE,81063.0,72726.62
2013-08-11,PERSONAL CARE,69591.0,70158.055
2013-08-18,PERSONAL CARE,67100.0,71287.22
2013-08-25,PERSONAL CARE,65114.0,70158.055
2013-09-01,PERSONAL CARE,75910.0,75026.055
2013-09-08,PERSONAL CARE,84078.0,78361.625
2013-09-15,PERSONAL CARE,68174.0,75026.055
2013-09-22,PERSONAL CARE,64146.0,73896.89
2013-09-29,PERSONAL CARE,63126.0,73896.89
2013-10-06,PERSONAL CARE,84489.0,77794.34
2013-10-13,PERSONAL CARE,63182.0,75264.11
2013-10-20,PERSONAL CARE,64598.0,75264.11
2013-10-27,PERSONAL CARE,58046.0,75579.59
2013-11-03,PERSONAL CARE,72673.0,78262.69
2013-11-10,PERSONAL CARE,86394.0,85543.73
2013-11-17,PERSONAL CARE,78875.0,81895.74
2013-11-24,PERSONAL CARE,72577.0,85543.73
2013-12-01,PERSONAL CARE,84097.0,80563.97
2013-12-08,PERSONAL CARE,92791.0,79499.48
2013-12-15,PERSONAL CARE,84470.0,76930.914
2013-12-22,PERSONAL CARE,107610.0,98837.0
2013-12-29,PERSONAL CARE,89818.0,80806.38
2014-01-05,PERSONAL CARE,108727.0,128114.87
2014-01-12,PERSONAL CARE,90800.0,115660.34
2014-01-19,PERSONAL CARE,80502.0,103588.37
2014-01-26,PERSONAL CARE,75670.0,104689.23
2014-02-02,PERSONAL CARE,83392.0,83209.836
2014-02-09,PERSONAL CARE,84476.0,82894.35
2014-02-16,PERSONAL CARE,75468.0,80325.79
2014-02-23,PERSONAL CARE,72436.0,80325.79
2014-03-02,PERSONAL CARE,83287.0,80325.79
2014-03-09,PERSONAL CARE,95660.0,105143.75
2014-03-16,PERSONAL CARE,73661.0,93963.62
2014-03-23,PERSONAL CARE,79544.0,83220.53
2014-03-30,PERSONAL CARE,88235.0,83220.53
2014-04-06,PERSONAL CARE,106977.0,79226.2
2014-04-13,PERSONAL CARE,83318.0,91298.18
2014-04-20,PERSONAL CARE,85322.0,71392.97
2014-04-27,PERSONAL CARE,76498.0,75328.75
2014-05-04,PERSONAL CARE,104414.0,75328.75
2014-05-11,PERSONAL CARE,88209.0,87400.73
2014-05-18,PERSONAL CARE,90411.0,72760.19
2014-05-25,PERSONAL CARE,80432.0,72377.02
2014-06-01,PERSONAL CARE,90163.0,74945.586
2014-06-08,PERSONAL CARE,103927.0,79785.06
2014-06-15,PERSONAL CARE,77715.0,94455.53
2014-06-22,PERSONAL CARE,86470.0,78777.53
2014-06-29,PERSONAL CARE,109772.0,99143.61
2014-07-06,PERSONAL CARE,123371.0,101026.64
2014-07-13,PERSONAL CARE,87252.0,102197.375
2014-07-20,PERSONAL CARE,87387.0,73188.23
2014-07-27,PERSONAL CARE,85472.0,79101.35
2014-08-03,PERSONAL CARE,104019.0,83427.78
2014-08-10,PERSONAL CARE,91650.0,88144.25
2014-08-17,PERSONAL CARE,85272.0,77401.164
2014-08-24,PERSONAL CARE,86937.0,78216.19
2014-08-31,PERSONAL CARE,94436.0,77401.164
2014-09-07,PERSONAL CARE,111070.0,107651.27
2014-09-14,PERSONAL CARE,83449.0,92947.58
2014-09-21,PERSONAL CARE,80838.0,80875.6
2014-09-28,PERSONAL CARE,77444.0,84773.055
2014-10-05,PERSONAL CARE,113213.0,112403.0
2014-10-12,PERSONAL CARE,96218.0,87097.36
2014-10-19,PERSONAL CARE,96624.0,87097.36
2014-10-26,PERSONAL CARE,90388.0,87097.36
2014-11-02,PERSONAL CARE,93069.0,86464.32
2014-11-09,PERSONAL CARE,119845.0,119735.08
2014-11-16,PERSONAL CARE,87366.0,113351.695
2014-11-23,PERSONAL CARE,87008.0,84376.93
2014-11-30,PERSONAL CARE,96517.0,88274.38
2014-12-07,PERSONAL CARE,118673.0,106441.54
2014-12-14,PERSONAL CARE,105689.0,112961.945
2014-12-21,PERSONAL CARE,114492.0,99217.76
2014-12-28,PERSONAL CARE,153884.0,138734.55
2015-01-04,PERSONAL CARE,126285.0,80126.305
2015-01-11,PERSONAL CARE,124342.0,92418.516
2015-01-18,PERSONAL CARE,106228.0,116798.086
2015-01-25,PERSONAL CARE,105162.0,109876.766
2015-02-01,PERSONAL CARE,112597.0,104641.83
2015-02-08,PERSONAL CARE,119988.0,99039.58
2015-02-15,PERSONAL CARE,92794.0,106785.54
2015-02-22,PERSONAL CARE,106954.0,92451.31
2015-03-01,PERSONAL CARE,109311.0,103642.625
2015-03-08,PERSONAL CARE,126069.0,98876.22
2015-03-15,PERSONAL CARE,112161.0,118418.25
2015-03-22,PERSONAL CARE,98194.0,99620.08
2015-03-29,PERSONAL CARE,91054.0,101225.914
2015-04-05,PERSONAL CARE,120135.0,93959.99
2015-04-12,PERSONAL CARE,110760.0,116137.875
2015-04-19,PERSONAL CARE,108131.0,118843.055
2015-04-26,PERSONAL CARE,97004.0,118843.055
2015-05-03,PERSONAL CARE,115409.0,123447.77
2015-05-10,PERSONAL CARE,105673.0,123447.77
2015-05-17,PERSONAL CARE,108042.0,117057.32
2015-05-24,PERSONAL CARE,104051.0,118843.055
2015-05-31,PERSONAL CARE,115871.0,123701.445
2015-06-07,PERSONAL CARE,127455.0,118589.38
2015-06-14,PERSONAL CARE,98387.0,120994.21
2015-06-21,PERSONAL CARE,94981.0,107250.02
2015-06-28,PERSONAL CARE,117092.0,116264.18
2015-07-05,PERSONAL CARE,143922.0,123791.03
2015-07-12,PERSONAL CARE,110683.0,112713.555
2015-07-19,PERSONAL CARE,100371.0,90893.25
2015-07-26,PERSONAL CARE,93056.0,99576.02
2015-08-02,PERSONAL CARE,117065.0,104974.32
2015-08-09,PERSONAL CARE,110641.0,113567.33
2015-08-16,PERSONAL CARE,109103.0,107923.02
2015-08-23,PERSONAL CARE,101444.0,91285.42
2015-08-30,PERSONAL CARE,104675.0,96143.81
2015-09-06,PERSONAL CARE,142335.0,112467.17
2015-09-13,PERSONAL CARE,112070.0,126849.195
2015-09-20,PERSONAL CARE,112771.0,104340.53
2015-09-27,PERSONAL CARE,108060.0,104340.53
2015-10-04,PERSONAL CARE,142166.0,116096.875
2015-10-11,PERSONAL CARE,116969.0,127808.93
2015-10-18,PERSONAL CARE,105003.0,114510.21
2015-10-25,PERSONAL CARE,98893.0,100234.336
2015-11-01,PERSONAL CARE,99301.0,113174.12
2015-11-08,PERSONAL CARE,133703.0,107775.82
2015-11-15,PERSONAL CARE,97524.0,125790.62
2015-11-22,PERSONAL CARE,99670.0,97707.35
2015-11-29,PERSONAL CARE,103693.0,97707.35
2015-12-06,PERSONAL CARE,136135.0,111855.234
2015-12-13,PERSONAL CARE,111441.0,119137.914
2015-12-20,PERSONAL CARE,120379.0,116452.875
2015-12-27,PERSONAL CARE,140981.0,146010.27
2016-01-03,PERSONAL CARE,137144.0,128354.41
2016-01-10,PERSONAL CARE,147411.0,135880.98
2016-01-17,PERSONAL CARE,115247.0,124608.41
2016-01-24,PERSONAL CARE,114034.0,109801.64
2016-01-31,PERSONAL CARE,119795.0,113731.91
2016-02-07,PERSONAL CARE,131845.0,130002.62
2016-02-14,PERSONAL CARE,112590.0,117122.33
2016-02-21,PERSONAL CARE,108952.0,104908.89
2016-02-28,PERSONAL CARE,103427.0,108839.16
2016-03-06,PERSONAL CARE,143187.0,126680.12
2016-03-13,PERSONAL CARE,106439.0,124016.13
2016-03-20,PERSONAL CARE,105656.0,99458.22
2016-03-27,PERSONAL CARE,97410.0,100957.875
2016-04-03,PERSONAL CARE,133850.0,127185.664
2016-04-10,PERSONAL CARE,119066.0,123466.54
2016-04-17,PERSONAL CARE,108536.0,114734.48
2016-04-24,PERSONAL CARE,248861.0,179015.33
2016-05-01,PERSONAL CARE,161496.0,201938.12
2016-05-08,PERSONAL CARE,164444.0,172772.23
2016-05-15,PERSONAL CARE,133164.0,119145.12
2016-05-22,PERSONAL CARE,119648.0,125555.07
2016-05-29,PERSONAL CARE,110485.0,127290.1
2016-06-05,PERSONAL CARE,151985.0,114524.24
2016-06-12,PERSONAL CARE,103801.0,118890.61
2016-06-19,PERSONAL CARE,101192.0,107626.29
2016-06-26,PERSONAL CARE,141147.0,142104.16
2016-07-03,PERSONAL CARE,156814.0,152604.61
2016-07-10,PERSONAL CARE,120903.0,120039.51
2016-07-17,PERSONAL CARE,99859.0,112553.42
2016-07-24,PERSONAL CARE,113029.0,113150.41
2016-07-31,PERSONAL CARE,104169.0,96548.266
2016-08-07,PERSONAL CARE,124002.0,91149.97
2016-08-14,PERSONAL CARE,94791.0,99861.17
2016-08-21,PERSONAL CARE,103723.0,102427.54
2016-08-28,PERSONAL CARE,98210.0,95609.04
2016-09-04,PERSONAL CARE,130948.0,108665.234
2016-09-11,PERSONAL CARE,121841.0,117420.08
2016-09-18,PERSONAL CARE,104140.0,112656.18
2016-09-25,PERSONAL CARE,97644.0,103643.484
2016-10-02,PERSONAL CARE,118828.0,112187.16
2016-10-09,PERSONAL CARE,117578.0,127557.836
2016-10-16,PERSONAL CARE,100903.0,111817.83
2016-10-23,PERSONAL CARE,95767.0,96541.58
2016-10-30,PERSONAL CARE,93130.0,106166.375
2016-11-06,PERSONAL CARE,140485.0,109685.31
2016-11-13,PERSONAL CARE,139844.0,141639.69
2016-11-20,PERSONAL CARE,114826.0,127589.266
2016-11-27,PERSONAL CARE,102663.0,102030.97
2016-12-04,PERSONAL CARE,136504.0,124075.41
2016-12-11,PERSONAL CARE,122795.0,133624.45
2016-12-18,PERSONAL CARE,117657.0,114964.73
2016-12-25,PERSONAL CARE,132572.0,147527.61
2017-01-01,PERSONAL CARE,131874.0,120885.99
2017-01-08,PERSONAL CARE,185956.0,163269.42
2017-01-15,PERSONAL CARE,137901.0,144698.64
2017-01-22,PERSONAL CARE,121667.0,133122.03
2017-01-29,PERSONAL CARE,121548.0,125635.984
2017-02-05,PERSONAL CARE,148307.0,146567.4
2017-02-12,PERSONAL CARE,117093.0,134621.69
2017-02-19,PERSONAL CARE,112294.0,118691.15
2017-02-26,PERSONAL CARE,118150.0,118123.555
2017-03-05,PERSONAL CARE,154128.0,157188.98
2017-03-12,PERSONAL CARE,117665.0,119918.93
2017-03-19,PERSONAL CARE,117195.0,118707.58
2017-03-26,PERSONAL CARE,118248.0,120207.234
2017-04-02,PERSONAL CARE,141730.0,135335.95
2017-04-09,PERSONAL CARE,135257.0,122926.914
2017-04-16,PERSONAL CARE,128548.0,122926.914
2017-04-23,PERSONAL CARE,115639.0,113941.17
2017-04-30,PERSONAL CARE,116940.0,111386.89
2017-05-07,PERSONAL CARE,147506.0,131509.81
2017-05-14,PERSONAL CARE,99402.0,126448.984
2017-05-21,PERSONAL CARE,117718.0,115672.164
2017-05-28,PERSONAL CARE,112220.0,113941.17
2017-06-04,PERSONAL CARE,141447.0,113392.09
2017-06-11,PERSONAL CARE,131246.0,125233.93
2017-06-18,PERSONAL CARE,111179.0,119543.42
2017-06-25,PERSONAL CARE,156917.0,141756.08
2017-07-02,PERSONAL CARE,124817.0,131407.36
2017-07-09,PERSONAL CARE,141547.0,123921.3
2017-07-16,PERSONAL CARE,106977.0,115508.99
2017-07-23,PERSONAL CARE,113923.0,101207.766
2017-07-30,PERSONAL CARE,117970.0,104290.37
2017-08-06,PERSONAL CARE,140161.0,133962.92
2017-08-13,PERSONAL CARE,107606.0,110038.7
2017-08-20,PERSONAL CARE,29864.0,26239.05
2013-04-07,POULTRY,79676.855962,83575.44
2013-04-14,POULTRY,68392.458827,78809.79
2013-04-21,POULTRY,71833.366128,78809.79
2013-04-28,POULTRY,68641.936947,78809.79
2013-05-05,POULTRY,82899.2858,90278.61
2013-05-12,POULTRY,85926.570041,90278.61
2013-05-19,POULTRY,71255.90793,79146.125
2013-05-26,POULTRY,67547.951857,79146.125
2013-06-02,POULTRY,77990.61090999999,79731.01
2013-06-09,POULTRY,79747.45619900001,79146.125
2013-06-16,POULTRY,70319.656951,71865.086
2013-06-23,POULTRY,71366.59495099999,79146.125
2013-06-30,POULTRY,86122.3899926,101596.71
2013-07-07,POULTRY,90540.68287,73788.984
2013-07-14,POULTRY,69551.157931,70158.055
2013-07-21,POULTRY,69674.719057,71287.22
2013-07-28,POULTRY,67712.065992,72726.62
2013-08-04,POULTRY,80297.701068,72726.62
2013-08-11,POULTRY,72727.780973,70158.055
2013-08-18,POULTRY,70065.1209947,71287.22
2013-08-25,POULTRY,69688.455907,70158.055
2013-09-01,POULTRY,78929.86399299999,75026.055
2013-09-08,POULTRY,84228.43802900001,78361.625
2013-09-15,POULTRY,71689.789897,75026.055
2013-09-22,POULTRY,71993.641857,73896.89
2013-09-29,POULTRY,75155.83002,73896.89
2013-10-06,POULTRY,89494.790089,77794.34
2013-10-13,POULTRY,73154.458833,75264.11
2013-10-20,POULTRY,76766.788971,75264.11
2013-10-27,POULTRY,74136.148205,75579.59
2013-11-03,POULTRY,82368.101283,80831.25
2013-11-10,POULTRY,142003.363072,85543.73
2013-11-17,POULTRY,139050.646089,120959.516
2013-11-24,POULTRY,139359.844969,129263.99
2013-12-01,POULTRY,140131.108014,132222.19
2013-12-08,POULTRY,144611.674042,136350.23
2013-12-15,POULTRY,141991.750073,136350.23
2013-12-22,POULTRY,196024.309719,158256.33
2013-12-29,POULTRY,139514.852243,159905.33
2014-01-05,POULTRY,143810.40132,168410.36
2014-01-12,POULTRY,149672.145921,139480.88
2014-01-19,POULTRY,149542.156764,139986.42
2014-01-26,POULTRY,143369.68670299998,140581.73
2014-02-02,POULTRY,149139.712545,141087.28
2014-02-09,POULTRY,150395.632746,146168.89
2014-02-16,POULTRY,142370.47264300002,146168.89
2014-02-23,POULTRY,141639.01963599998,146168.89
2014-03-02,POULTRY,136691.077773,146168.89
2014-03-09,POULTRY,155026.577529,167089.4
2014-03-16,POULTRY,141859.388356,145166.19
2014-03-23,POULTRY,144079.892891,144660.64
2014-03-30,POULTRY,142668.452922,144660.64
2014-04-06,POULTRY,158867.350083,139587.36
2014-04-13,POULTRY,131167.351725,139081.81
2014-04-20,POULTRY,118016.827533,131676.06
2014-04-27,POULTRY,128669.096122,133043.28
2014-05-04,POULTRY,148186.971769,133043.28
2014-05-11,POULTRY,134422.087723,140023.83
2014-05-18,POULTRY,132304.41996600002,131758.66
2014-05-25,POULTRY,127226.621858,137780.5
2014-06-01,POULTRY,137146.809454,143015.44
2014-06-08,POULTRY,144030.98292500002,145246.0
2014-06-15,POULTRY,130954.473173,153923.36
2014-06-22,POULTRY,132519.905137,152121.19
2014-06-29,POULTRY,177560.740478,170750.66
2014-07-06,POULTRY,176206.746221,194678.4
2014-07-13,POULTRY,133708.988858,164592.66
2014-07-20,POULTRY,132158.198899,146050.64
2014-07-27,POULTRY,129917.825843,144983.22
2014-08-03,POULTRY,145888.508898,140569.75
2014-08-10,POULTRY,138018.574163,147865.78
2014-08-17,POULTRY,133957.203038,147865.78
2014-08-24,POULTRY,134713.092241,148917.77
2014-08-31,POULTRY,139302.081302,148371.33
2014-09-07,POULTRY,161959.73497,163475.34
2014-09-14,POULTRY,141784.54003,153738.02
2014-09-21,POULTRY,148422.12917,155237.67
2014-09-28,POULTRY,143131.636962,155237.67
2014-10-05,POULTRY,162719.21704,167175.42
2014-10-12,POULTRY,141005.122089,149387.47
2014-10-19,POULTRY,143750.492767,148393.36
2014-10-26,POULTRY,140955.704146,148393.36
2014-11-02,POULTRY,131377.271176,152576.11
2014-11-09,POULTRY,159765.78306,169015.1
2014-11-16,POULTRY,139906.022276,159244.55
2014-11-23,POULTRY,143019.167017,158739.0
2014-11-30,POULTRY,146716.805865,158739.0
2014-12-07,POULTRY,160290.97336,162141.62
2014-12-14,POULTRY,147963.857778,161636.08
2014-12-21,POULTRY,156340.218883,163673.69
2014-12-28,POULTRY,204930.795022,207654.83
2015-01-04,POULTRY,147230.591027,158314.61
2015-01-11,POULTRY,158432.298182,119506.4
2015-01-18,POULTRY,144012.738923,142090.34
2015-01-25,POULTRY,144348.757047,142926.19
2015-02-01,POULTRY,150264.03490099998,141426.53
2015-02-08,POULTRY,149519.512863,137323.94
2015-02-15,POULTRY,122499.417963,137323.94
2015-02-22,POULTRY,146973.568814,129837.89
2015-03-01,POULTRY,147265.892922,142090.34
2015-03-08,POULTRY,155549.517823,137323.94
2015-03-15,POULTRY,143854.943972,138997.75
2015-03-22,POULTRY,141236.866855,142926.19
2015-03-29,POULTRY,136575.465101,142090.34
2015-04-05,POULTRY,146458.407126,142090.34
2015-04-12,POULTRY,149206.338106,137323.94
2015-04-19,POULTRY,140362.467664,157915.73
2015-04-26,POULTRY,137422.452037,157915.73
2015-05-03,POULTRY,146031.809172,158421.28
2015-05-10,POULTRY,152197.123121,158421.28
2015-05-17,POULTRY,139065.176221,154884.02
2015-05-24,POULTRY,141470.442966,157915.73
2015-05-31,POULTRY,146735.495984,158421.28
2015-06-07,POULTRY,158512.63891799998,158421.28
2015-06-14,POULTRY,134977.59409,156383.67
2015-06-21,POULTRY,144973.836996,157915.73
2015-06-28,POULTRY,172490.251086,162577.06
2015-07-05,POULTRY,195743.233991,182106.28
2015-07-12,POULTRY,142174.658329,171745.3
2015-07-19,POULTRY,142263.702073,133257.34
2015-07-26,POULTRY,137399.577007,138023.75
2015-08-02,POULTRY,145619.223039,138023.75
2015-08-09,POULTRY,138593.697107,138859.6
2015-08-16,POULTRY,148883.065008,150287.12
2015-08-23,POULTRY,134215.196178,133143.95
2015-08-30,POULTRY,138352.852979,133649.5
2015-09-06,POULTRY,164882.096696,145614.8
2015-09-13,POULTRY,142099.890984,142598.42
2015-09-20,POULTRY,141171.645916,142092.88
2015-09-27,POULTRY,137946.483923,142092.88
2015-10-04,POULTRY,174794.152196,142598.42
2015-10-11,POULTRY,150878.04099900002,164528.44
2015-10-18,POULTRY,150347.6030027,139296.92
2015-10-25,POULTRY,142260.416129,142092.88
2015-11-01,POULTRY,132819.098052,145281.52
2015-11-08,POULTRY,176954.270967,137795.42
2015-11-15,POULTRY,149361.187997,173144.02
2015-11-22,POULTRY,147234.599102,140071.44
2015-11-29,POULTRY,144314.643088,139565.89
2015-12-06,POULTRY,158270.122309,142968.52
2015-12-13,POULTRY,145992.470248,142968.52
2015-12-20,POULTRY,160039.002638,158939.62
2015-12-27,POULTRY,180537.185925,170963.5
2016-01-03,POULTRY,133414.820788,161361.48
2016-01-10,POULTRY,157009.439099,153687.2
2016-01-17,POULTRY,149801.540054,142414.58
2016-01-24,POULTRY,146476.783961,142414.58
2016-01-31,POULTRY,142983.566895,145839.31
2016-02-07,POULTRY,170080.137984,146344.86
2016-02-14,POULTRY,150416.558141,170166.17
2016-02-21,POULTRY,143655.410151,142414.58
2016-02-28,POULTRY,141466.981652,146344.86
2016-03-06,POULTRY,164703.356987,153687.2
2016-03-13,POULTRY,140770.510098,137716.11
2016-03-20,POULTRY,139538.42166,137716.11
2016-03-27,POULTRY,122899.685937,137210.56
2016-04-03,POULTRY,156539.804048,146201.11
2016-04-10,POULTRY,148494.845924,137210.56
2016-04-17,POULTRY,142173.94923,137210.56
2016-04-24,POULTRY,167836.594869,194521.77
2016-05-01,POULTRY,178513.805819,154912.14
2016-05-08,POULTRY,199137.454253,220995.45
2016-05-15,POULTRY,158186.612972,177587.72
2016-05-22,POULTRY,140695.902913,136275.8
2016-05-29,POULTRY,133487.965028,136275.8
2016-06-05,POULTRY,165170.817363,136275.8
2016-06-12,POULTRY,138164.671214,120895.82
2016-06-19,POULTRY,136041.59911100002,135770.25
2016-06-26,POULTRY,179324.8009085,159416.0
2016-07-03,POULTRY,181509.650039,185106.2
2016-07-10,POULTRY,147134.815249,158300.94
2016-07-17,POULTRY,137799.922153,135029.53
2016-07-24,POULTRY,157157.701055,140157.52
2016-07-31,POULTRY,135834.563902,123049.86
2016-08-07,POULTRY,143491.769755,123049.86
2016-08-14,POULTRY,127376.898936,120837.64
2016-08-21,POULTRY,136842.346945,128340.97
2016-08-28,POULTRY,129525.667745,133361.39
2016-09-04,POULTRY,143127.790894,132915.62
2016-09-11,POULTRY,141616.558942,135166.78
2016-09-18,POULTRY,136971.607852,135132.28
2016-09-25,POULTRY,135182.180821,135166.78
2016-10-02,POULTRY,142955.184727,143923.64
2016-10-09,POULTRY,143892.480916,148238.36
2016-10-16,POULTRY,139687.60435,134293.92
2016-10-23,POULTRY,139885.806031,134293.92
2016-10-30,POULTRY,134072.071007,139565.88
2016-11-06,POULTRY,154404.801997,143084.81
2016-11-13,POULTRY,173848.914148,155130.06
2016-11-20,POULTRY,147949.147743,165850.67
2016-11-27,POULTRY,145072.385151,138283.66
2016-12-04,POULTRY,155864.682024,145146.05
2016-12-11,POULTRY,150722.468789,140379.64
2016-12-18,POULTRY,149062.708189,140379.64
2016-12-25,POULTRY,182190.408239,172480.84
2017-01-01,POULTRY,138370.038901,162878.83
2017-01-08,POULTRY,185310.202822,182240.1
2017-01-15,POULTRY,154910.779182,162878.83
2017-01-22,POULTRY,151971.837015,135127.23
2017-01-29,POULTRY,149433.097739,134621.69
2017-02-05,POULTRY,164447.070806,154053.5
2017-02-12,POULTRY,145508.039965,135127.23
2017-02-19,POULTRY,142274.020118,135127.23
2017-02-26,POULTRY,134457.759886,148093.4
2017-03-05,POULTRY,169059.179084,169425.06
2017-03-12,POULTRY,145151.917799,161370.52
2017-03-19,POULTRY,145358.713985,139893.64
2017-03-26,POULTRY,140966.241765,139388.1
2017-04-02,POULTRY,147416.996874,149071.67
2017-04-09,POULTRY,139615.91403,135127.23
2017-04-16,POULTRY,134597.17779400002,135127.23
2017-04-23,POULTRY,148352.994969,134621.69
2017-04-30,POULTRY,142463.509038,139893.64
2017-05-07,POULTRY,167803.401223,143745.86
2017-05-14,POULTRY,141142.100866,137427.98
2017-05-21,POULTRY,149153.835182,149071.67
2017-05-28,POULTRY,145715.87385,135127.23
2017-06-04,POULTRY,170183.69815399998,139893.64
2017-06-11,POULTRY,158201.565849,163495.34
2017-06-18,POULTRY,147351.350133,140729.48
2017-06-25,POULTRY,194374.201711,175155.6
2017-07-02,POULTRY,153267.130022,180136.58
2017-07-09,POULTRY,177661.052638,136662.89
2017-07-16,POULTRY,146434.540098,163657.95
2017-07-23,POULTRY,146275.829987,135906.36
2017-07-30,POULTRY,143422.890001,144223.89
2017-08-06,POULTRY,155350.152928,146704.55
2017-08-13,POULTRY,132025.897936,132527.58
2017-08-20,POULTRY,36184.218046,37545.8
2013-04-07,PRODUCE,1535.0,-7335.8667
2013-04-14,PRODUCE,1531.0,7911.895
2013-04-21,PRODUCE,1359.0,-12800.585
2013-04-28,PRODUCE,1466.0,-6979.4614
2013-05-05,PRODUCE,2030.0,4489.346
2013-05-12,PRODUCE,4001.0,-632.69867
2013-05-19,PRODUCE,1427.0,29152.562
2013-05-26,PRODUCE,2129.0,51172.797
2013-06-02,PRODUCE,1424.0,34448.855
2013-06-09,PRODUCE,1734.0,29152.562
2013-06-16,PRODUCE,2950.0,-19745.287
2013-06-23,PRODUCE,1531.0,33540.742
2013-06-30,PRODUCE,1721.0,33116.297
2013-07-07,PRODUCE,1828.0,-12000.268
2013-07-14,PRODUCE,1739.0,9813.846
2013-07-21,PRODUCE,1788.0,8521.864
2013-07-28,PRODUCE,1978.0,7313.4897
2013-08-04,PRODUCE,1739.0,7313.4897
2013-08-11,PRODUCE,1703.0,7392.7036
2013-08-18,PRODUCE,1709.0,8442.65
2013-08-25,PRODUCE,1885.0,9813.846
2013-09-01,PRODUCE,1623.0,14602.622
2013-09-08,PRODUCE,1749.0,10531.405
2013-09-15,PRODUCE,1631.0,14681.834
2013-09-22,PRODUCE,1556.0,11052.318
2013-09-29,PRODUCE,1562.0,13473.462
2013-10-06,PRODUCE,1480.0,-8961.087
2013-10-13,PRODUCE,1382.0,-7593.8706
2013-10-20,PRODUCE,1461.0,-7593.8706
2013-10-27,PRODUCE,1327.0,-12400.429
2013-11-03,PRODUCE,1608.0,-9717.334
2013-11-10,PRODUCE,1347.0,-2436.3093
2013-11-17,PRODUCE,1556.0,16350.266
2013-11-24,PRODUCE,1545.0,10774.07
2013-12-01,PRODUCE,1482.0,-7416.057
2013-12-08,PRODUCE,1951.0,2161.2703
2013-12-15,PRODUCE,1668.0,-5847.848
2013-12-22,PRODUCE,2470.0,30949.598
2013-12-29,PRODUCE,2518.0,47300.184
2014-01-05,PRODUCE,536847.16812,273437.25
2014-01-12,PRODUCE,777396.8630900001,704677.1
2014-01-19,PRODUCE,747070.03226,819762.44
2014-01-26,PRODUCE,726982.8766000001,815486.2
2014-02-02,PRODUCE,457385.6432,467001.2
2014-02-09,PRODUCE,1498.0,73438.41
2014-02-16,PRODUCE,1723.0,-81855.32
2014-02-23,PRODUCE,1675.0,-37370.293
2014-03-02,PRODUCE,215997.9469,184686.86
2014-03-09,PRODUCE,806479.9363899999,703425.7
2014-03-16,PRODUCE,741142.33719,770647.9
2014-03-23,PRODUCE,745872.214626,707051.7
2014-03-30,PRODUCE,743552.46837,650958.2
2014-04-06,PRODUCE,101739.3474,348171.03
2014-04-13,PRODUCE,1604.0,9013.99
2014-04-20,PRODUCE,1957.0,5860.6567
2014-04-27,PRODUCE,1526.0,-5600.814
2014-05-04,PRODUCE,2172.0,29086.445
2014-05-11,PRODUCE,3123.0,29651.023
2014-05-18,PRODUCE,1469.0,56213.105
2014-05-25,PRODUCE,1686.0,51509.29
2014-06-01,PRODUCE,1460.0,34554.8
2014-06-08,PRODUCE,1398.0,6351.1035
2014-06-15,PRODUCE,3229.0,-11871.079
2014-06-22,PRODUCE,1696.0,-9640.906
2014-06-29,PRODUCE,1997.0,34560.613
2014-07-06,PRODUCE,766618.71359,683794.06
2014-07-13,PRODUCE,715221.17661,731093.0
2014-07-20,PRODUCE,719517.34017,701800.1
2014-07-27,PRODUCE,701668.372934,697169.8
2014-08-03,PRODUCE,400297.97697,411424.9
2014-08-10,PRODUCE,1729.0,96888.04
2014-08-17,PRODUCE,1686.0,24521.31
2014-08-24,PRODUCE,1710.0,-27411.58
2014-08-31,PRODUCE,1743.0,68316.9
2014-09-07,PRODUCE,849739.78672,816216.56
2014-09-14,PRODUCE,784586.54217,815789.44
2014-09-21,PRODUCE,797220.5539500001,802949.4
2014-09-28,PRODUCE,758580.50082,739253.4
2014-10-05,PRODUCE,822626.00002,718977.7
2014-10-12,PRODUCE,753332.05483,819051.0
2014-10-19,PRODUCE,783004.4548800001,746607.7
2014-10-26,PRODUCE,750679.27798,871112.7
2014-11-02,PRODUCE,693415.9744,698255.3
2014-11-09,PRODUCE,853026.9103999999,724645.5
2014-11-16,PRODUCE,759482.1678299999,803159.1
2014-11-23,PRODUCE,759404.41592,783855.1
2014-11-30,PRODUCE,750914.5460399999,789389.94
2014-12-07,PRODUCE,787214.732966,730244.4
2014-12-14,PRODUCE,765759.9924,834995.2
2014-12-21,PRODUCE,798896.5712,787774.44
2014-12-28,PRODUCE,1021592.61227,977902.9
2015-01-04,PRODUCE,425981.55893,698833.56
2015-01-11,PRODUCE,1737.0,135263.94
2015-01-18,PRODUCE,1526.0,-29779.643
2015-01-25,PRODUCE,1411.0,17211.447
2015-02-01,PRODUCE,1494.0,35941.844
2015-02-08,PRODUCE,1522.0,-6055.6157
2015-02-15,PRODUCE,2527.0,-6397.3496
2015-02-22,PRODUCE,2385.0,7916.6216
2015-03-01,PRODUCE,1516.0,-12334.865
2015-03-08,PRODUCE,1858.0,-20916.902
2015-03-15,PRODUCE,1592.0,33429.49
2015-03-22,PRODUCE,1517.0,4291.8267
2015-03-29,PRODUCE,1418.0,-9426.694
2015-04-05,PRODUCE,1887.0,-7179.2563
2015-04-12,PRODUCE,1511.0,-12639.936
2015-04-19,PRODUCE,1585.0,18274.725
2015-04-26,PRODUCE,1587.0,-2437.7583
2015-05-03,PRODUCE,2623.0,-1738.6802
2015-05-10,PRODUCE,3634.0,32675.852
2015-05-17,PRODUCE,1538.0,50010.926
2015-05-24,PRODUCE,1597.0,51622.2
2015-05-31,PRODUCE,1508.0,34532.082
2015-06-07,PRODUCE,858662.43506,766529.4
2015-06-14,PRODUCE,800295.5169500001,806989.0
2015-06-21,PRODUCE,831734.02403,826955.9
2015-06-28,PRODUCE,979161.85065,953872.2
2015-07-05,PRODUCE,988507.34786,842068.0
2015-07-12,PRODUCE,808319.05384,796196.25
2015-07-19,PRODUCE,801321.36051,773992.75
2015-07-26,PRODUCE,785332.8449039999,777529.7
2015-08-02,PRODUCE,808446.16706,803180.4
2015-08-09,PRODUCE,768164.86786,790138.94
2015-08-16,PRODUCE,826565.87002,826047.3
2015-08-23,PRODUCE,777304.99492,764967.44
2015-08-30,PRODUCE,795983.61063,765552.3
2015-09-06,PRODUCE,894458.1089,825280.3
2015-09-13,PRODUCE,813917.42381,870577.75
2015-09-20,PRODUCE,830262.54787,817535.0
2015-09-27,PRODUCE,817237.84068,846179.25
2015-10-04,PRODUCE,886465.90309,853704.75
2015-10-11,PRODUCE,814337.06053,882319.56
2015-10-18,PRODUCE,826979.7401,809805.56
2015-10-25,PRODUCE,818373.8309800001,831509.0
2015-11-01,PRODUCE,734024.35864,822501.0
2015-11-08,PRODUCE,920869.15395,725508.7
2015-11-15,PRODUCE,813222.38618,833538.94
2015-11-22,PRODUCE,845412.93006,753919.8
2015-11-29,PRODUCE,821214.093,833871.9
2015-12-06,PRODUCE,897905.93717,863774.8
2015-12-13,PRODUCE,852261.161624,874138.8
2015-12-20,PRODUCE,885610.1568799999,888836.44
2015-12-27,PRODUCE,1071251.53257,1037784.56
2016-01-03,PRODUCE,949869.27841,929044.8
2016-01-10,PRODUCE,1008028.43712,927503.8
2016-01-17,PRODUCE,888120.05389,935171.9
2016-01-24,PRODUCE,884567.87699,912327.2
2016-01-31,PRODUCE,867972.6320799999,918938.5
2016-02-07,PRODUCE,837325.4358399999,835351.25
2016-02-14,PRODUCE,885344.25387,859318.7
2016-02-21,PRODUCE,897566.64687,889610.44
2016-02-28,PRODUCE,851288.08999,883849.2
2016-03-06,PRODUCE,918365.48725,887539.25
2016-03-13,PRODUCE,841083.19178,899483.3
2016-03-20,PRODUCE,858771.6555999999,818972.06
2016-03-27,PRODUCE,814439.8115600001,860772.06
2016-04-03,PRODUCE,913715.59579,859648.25
2016-04-10,PRODUCE,855751.70772,897748.25
2016-04-17,PRODUCE,813388.24811,828033.06
2016-04-24,PRODUCE,932854.61431,995468.06
2016-05-01,PRODUCE,997209.5724,985379.8
2016-05-08,PRODUCE,1145338.04361,1092420.5
2016-05-15,PRODUCE,946772.280556,932795.56
2016-05-22,PRODUCE,864907.16723,922043.4
2016-05-29,PRODUCE,826855.76561,821432.9
2016-06-05,PRODUCE,901632.15985,820874.25
2016-06-12,PRODUCE,815581.33163,882567.5
2016-06-19,PRODUCE,843559.0242100001,842236.9
2016-06-26,PRODUCE,1082393.29963,972214.6
2016-07-03,PRODUCE,990241.75582,988261.3
2016-07-10,PRODUCE,830389.5452,860737.75
2016-07-17,PRODUCE,795335.85396,833674.06
2016-07-24,PRODUCE,910818.6926,839174.8
2016-07-31,PRODUCE,787195.97221,849995.1
2016-08-07,PRODUCE,816143.15217,891359.3
2016-08-14,PRODUCE,739663.83122,776951.2
2016-08-21,PRODUCE,802852.074884,728149.75
2016-08-28,PRODUCE,780856.12647,790471.9
2016-09-04,PRODUCE,840155.42603,829312.25
2016-09-11,PRODUCE,821931.3898499999,843982.5
2016-09-18,PRODUCE,799673.92851,814797.75
2016-09-25,PRODUCE,801288.15181,825295.9
2016-10-02,PRODUCE,829994.23347,856765.0
2016-10-09,PRODUCE,852935.92828,850009.56
2016-10-16,PRODUCE,845713.6138200001,834602.94
2016-10-23,PRODUCE,827102.72106,815695.5
2016-10-30,PRODUCE,748471.29883,829132.4
2016-11-06,PRODUCE,796826.31012,771627.75
2016-11-13,PRODUCE,983107.32575,889723.06
2016-11-20,PRODUCE,838687.44978,838705.6
2016-11-27,PRODUCE,827483.25071,838198.6
2016-12-04,PRODUCE,870996.41276,838980.9
2016-12-11,PRODUCE,857698.0650299999,886885.8
2016-12-18,PRODUCE,860896.8874,870932.4
2016-12-25,PRODUCE,1083666.52385,1005117.6
2017-01-01,PRODUCE,911500.529,898506.75
2017-01-08,PRODUCE,1099164.19035,1044517.06
2017-01-15,PRODUCE,907538.90863,898506.75
2017-01-22,PRODUCE,925539.00707,917566.0
2017-01-29,PRODUCE,889540.21397,873187.5
2017-02-05,PRODUCE,947236.79601,935704.5
2017-02-12,PRODUCE,905298.77856,889642.2
2017-02-19,PRODUCE,881896.49813,889414.2
2017-02-26,PRODUCE,827237.52026,913618.06
2017-03-05,PRODUCE,990215.4434,929733.2
2017-03-12,PRODUCE,897007.23287,875264.6
2017-03-19,PRODUCE,901967.98696,926875.25
2017-03-26,PRODUCE,880521.53467,878648.4
2017-04-02,PRODUCE,911090.1768,919899.94
2017-04-09,PRODUCE,863553.30399,911689.6
2017-04-16,PRODUCE,924206.300556,876070.44
2017-04-23,PRODUCE,892228.3283599999,913046.6
2017-04-30,PRODUCE,854425.85061,909642.8
2017-05-07,PRODUCE,996419.94304,900451.8
2017-05-14,PRODUCE,892125.594,959823.5
2017-05-21,PRODUCE,936077.78477,956735.3
2017-05-28,PRODUCE,892416.58132,924126.6
2017-06-04,PRODUCE,960649.43298,916306.06
2017-06-11,PRODUCE,919722.93918,909822.7
2017-06-18,PRODUCE,920040.22916,918877.0
2017-06-25,PRODUCE,1214616.4424299998,1094486.8
2017-07-02,PRODUCE,920838.03217,945313.7
2017-07-09,PRODUCE,1065788.14867,931196.4
2017-07-16,PRODUCE,887435.88192,950869.1
2017-07-23,PRODUCE,873335.97112,938057.5
2017-07-30,PRODUCE,858957.30588,889553.44
2017-08-06,PRODUCE,915560.97195,872950.56
2017-08-13,PRODUCE,821552.8372300001,822423.6
2017-08-20,PRODUCE,240366.56698,235524.69
