family,date,week_index,on_hand_inventory,reorder_point,order_up_to_level,demand,order_quantity
GROCERY I,2013-04-07,0,538414.4461186326,1729054.4461186326,,1190640.0,1257734.3129422117
GROCERY I,2013-04-14,1,755689.7590608443,1709381.3996472717,,1040459.0,1257734.3129422117
GROCERY I,2013-04-21,2,957540.0720030561,1673832.3839903038,,1055884.0,943300.7347066589
GROCERY I,2013-04-28,3,905215.8067097149,1664254.1017877406,,995625.0,943300.7347066589
GROCERY I,2013-05-05,4,586737.5414163738,1713382.9440128137,,1261779.0,1257734.3129422117
GROCERY I,2013-05-12,5,620706.8543585856,1750069.3551392278,,1223765.0,1257734.3129422117
GROCERY I,2013-05-19,6,803840.1673007973,1693600.7098015398,,1074601.0,943300.7347066589
GROCERY I,2013-05-26,7,716261.9020074562,1667188.6873824375,,1030879.0,1257734.3129422117
GROCERY I,2013-06-02,8,806495.2149496679,1698854.0995466567,,1167501.0,943300.7347066589
GROCERY I,2013-06-09,9,545486.9496563268,1722859.0443493077,,1204309.0,1257734.3129422117
GROCERY I,2013-06-16,10,769761.2625985385,1683959.3820764509,,1033460.0,943300.7347066589
GROCERY I,2013-06-23,11,644328.9973051974,1662842.342309002,,1068733.0,1257734.3129422117
GROCERY I,2013-06-30,12,550276.3102474092,1722355.05898252,,1351787.0,1257734.3129422117
GROCERY I,2013-07-07,13,391870.6231896209,1766997.113711987,,1416140.0,1572167.8911777646
GROCERY I,2013-07-14,14,908962.5143673855,1667809.4324858827,,1055076.0,943300.7347066589
GROCERY I,2013-07-21,15,779661.2490740444,1623395.4655176012,,1072602.0,943300.7347066589
GROCERY I,2013-07-28,16,681889.9837807033,1646969.6238932277,,1041072.0,1257734.3129422117
GROCERY I,2013-08-04,17,696716.296722915,1691651.4240853584,,1242908.0,1257734.3129422117
GROCERY I,2013-08-11,18,803621.6096651268,1687789.4645435826,,1150829.0,943300.7347066589
GROCERY I,2013-08-18,19,627328.3443717856,1661268.6653829128,,1119594.0,1257734.3129422117
GROCERY I,2013-08-25,20,792937.6573139974,1645616.7188588043,,1092125.0,943300.7347066589
GROCERY I,2013-09-01,21,539643.3920206563,1668460.0965603706,,1196595.0,1257734.3129422117
GROCERY I,2013-09-08,22,510874.704962868,1709940.990467851,,1286503.0,1257734.3129422117
GROCERY I,2013-09-15,23,666117.0179050798,1682685.6559913172,,1102492.0,1257734.3129422117
GROCERY I,2013-09-22,24,843235.3308472915,1652263.2985889788,,1080616.0,943300.7347066589
GROCERY I,2013-09-29,25,721606.0655539504,1655310.6994624275,,1064930.0,943300.7347066589
GROCERY I,2013-10-06,26,351091.80026060925,1716624.652882991,,1313815.0,1572167.8911777646
GROCERY I,2013-10-13,27,810567.6914383739,1709657.3772737149,,1112692.0,943300.7347066589
GROCERY I,2013-10-20,28,609586.4261450327,1683970.8659226925,,1144282.0,1257734.3129422117
GROCERY I,2013-10-27,29,789881.7390872445,1687320.2448425652,,1077439.0,943300.7347066589
GROCERY I,2013-11-03,30,514537.47379390337,1718212.7402128417,,1218645.0,1257734.3129422117
GROCERY I,2013-11-10,31,538100.7867361151,1743043.4067198958,,1234171.0,1257734.3129422117
GROCERY I,2013-11-17,32,664190.0996783269,1710711.7073750757,,1131645.0,1257734.3129422117
GROCERY I,2013-11-24,33,827738.4126205386,1690953.0192095838,,1094186.0,943300.7347066589
GROCERY I,2013-12-01,34,590380.1473271975,1697884.2498502636,,1180659.0,1257734.3129422117
GROCERY I,2013-12-08,35,470617.46026940923,1759219.6057352836,,1377497.0,1572167.8911777646
GROCERY I,2013-12-15,36,648370.3514471739,1780285.5946912568,,1394415.0,1257734.3129422117
GROCERY I,2013-12-22,37,0.0,1655207.4264874642,,1951532.0,1886601.4694133177
GROCERY I,2013-12-29,38,567822.4694133177,1890037.424549288,,1318779.0,1572167.8911777646
GROCERY I,2014-01-05,39,831601.1815910824,1752548.0396309348,,1308389.179,943300.7347066589
GROCERY I,2014-01-12,40,602341.8242977413,1702602.6770870492,,1172560.092,1257734.3129422117
GROCERY I,2014-01-19,41,756886.911239953,1687182.81764817,,1103189.226,943300.7347066589
GROCERY I,2014-01-26,42,612547.1799466119,1677815.5518766595,,1087640.466,1257734.3129422117
GROCERY I,2014-02-02,43,693449.9188888236,1695605.1208095863,,1176831.574,1257734.3129422117
GROCERY I,2014-02-09,44,741283.2318310353,1710278.5215954473,,1209901.0,1257734.3129422117
GROCERY I,2014-02-16,45,849488.5447732471,1687206.7703810881,,1149529.0,943300.7347066589
GROCERY I,2014-02-23,46,695365.279479906,1664871.122882236,,1097424.0,1257734.3129422117
GROCERY I,2014-03-02,47,781528.9484221176,1680178.762851034,,1171570.644,943300.7347066589
GROCERY I,2014-03-09,48,350741.0021287764,1755300.5481509361,,1374088.681,1572167.8911777646
GROCERY I,2014-03-16,49,742678.6963065411,1729152.95784327,,1180230.197,1257734.3129422117
GROCERY I,2014-03-23,50,817012.8222487529,1669572.8859615854,,1183400.187,943300.7347066589
GROCERY I,2014-03-30,51,579159.5569554118,1676148.8017355422,,1181154.0,1257734.3129422117
GROCERY I,2014-04-06,52,449486.51289762347,1652359.5105227197,,1387407.357,1257734.3129422117
GROCERY I,2014-04-13,53,553174.4208398352,1636696.237023306,,1154046.405,1257734.3129422117
GROCERY I,2014-04-20,54,643348.428782047,1593679.5678344741,,1167560.305,1257734.3129422117
GROCERY I,2014-04-27,55,780712.3597242588,1726198.5445832356,,1120370.382,1257734.3129422117
GROCERY I,2014-05-04,56,730104.0836664704,1724682.7705095864,,1308342.5890000002,1257734.3129422117
GROCERY I,2014-05-11,57,816899.3736086821,1632179.918761511,,1170939.023,943300.7347066589
GROCERY I,2014-05-18,58,568010.621315341,1606166.0890933662,,1192189.487,1257734.3129422117
GROCERY I,2014-05-25,59,701755.2702575526,1676832.1567565433,,1123989.664,1257734.3129422117
GROCERY I,2014-06-01,60,720482.3581997643,1701795.4327434925,,1239007.225,1257734.3129422117
GROCERY I,2014-06-08,61,640946.499141976,1642607.8290181067,,1337270.172,1257734.3129422117
GROCERY I,2014-06-15,62,756159.6450841879,1640912.6031559147,,1142521.167,943300.7347066589
GROCERY I,2014-06-22,63,525078.2197908468,1754165.0080882094,,1174382.16,1257734.3129422117
GROCERY I,2014-06-29,64,240493.08573305863,1862707.6553899564,,1542319.447,1886601.4694133177
GROCERY I,2014-07-06,65,545750.7991463766,1753143.5944131329,,1581343.756,1257734.3129422117
GROCERY I,2014-07-13,66,638342.4440885882,1684134.629773963,,1165142.668,1257734.3129422117
GROCERY I,2014-07-20,67,737545.7350307999,1613829.9099707326,,1158531.022,943300.7347066589
GROCERY I,2014-07-27,68,551233.6487374587,1738027.3128202464,,1129612.821,1257734.3129422117
GROCERY I,2014-08-03,69,514888.54867967055,1730152.6209984017,,1294079.413,1257734.3129422117
GROCERY I,2014-08-10,70,556413.5116218822,1718534.8205984468,,1216209.35,1257734.3129422117
GROCERY I,2014-08-17,71,633343.583564094,1695932.985238118,,1180804.241,1257734.3129422117
GROCERY I,2014-08-24,72,713303.1395063058,1729615.6698147526,,1177774.757,1257734.3129422117
GROCERY I,2014-08-31,73,743936.4354485176,1793644.9344119052,,1227101.017,1257734.3129422117
GROCERY I,2014-09-07,74,554071.0423907293,1764563.9091359123,,1447599.706,1257734.3129422117
GROCERY I,2014-09-14,75,597606.6883329412,1729617.0856726856,,1214198.667,1257734.3129422117
GROCERY I,2014-09-21,76,643229.5952751529,1674294.0700138956,,1212111.406,1257734.3129422117
GROCERY I,2014-09-28,77,749596.0112173646,1795092.2533897387,,1151367.897,1257734.3129422117
GROCERY I,2014-10-05,78,573966.1491595763,1757916.591707731,,1433364.175,1257734.3129422117
GROCERY I,2014-10-12,79,550329.1361017881,1794857.9814786522,,1281371.326,1257734.3129422117
GROCERY I,2014-10-19,80,569069.0910439999,1720911.7577905627,,1238994.358,1257734.3129422117
GROCERY I,2014-10-26,81,641701.2359862116,1776675.8975870488,,1185102.168,1257734.3129422117
GROCERY I,2014-11-02,82,711992.9049284232,1789324.2105164581,,1187442.644,1257734.3129422117
GROCERY I,2014-11-09,83,499447.9248706349,1805241.7512425827,,1470279.293,1572167.8911777646
GROCERY I,2014-11-16,84,842970.7290483995,1790690.8932937195,,1228645.087,1257734.3129422117
GROCERY I,2014-11-23,85,865638.1629906113,1800202.2663477275,,1235066.879,943300.7347066589
GROCERY I,2014-11-30,86,493816.5556972702,1941367.272479523,,1315122.342,1572167.8911777646
GROCERY I,2014-12-07,87,464482.05587503477,2021027.155695142,,1601502.391,1572167.8911777646
GROCERY I,2014-12-14,88,360849.90605279943,2305893.633970245,,1675800.041,2201035.0476488704
GROCERY I,2014-12-21,89,658992.9477016698,1915432.9088691894,,1902892.006,1257734.3129422117
GROCERY I,2014-12-28,90,0.0,2172132.4152248004,,2203255.244,2201035.0476488704
GROCERY I,2015-01-04,91,769854.4786488705,2019099.1560221687,,1431180.569,1257734.3129422117
GROCERY I,2015-01-11,92,657233.3685910823,1807892.4777822683,,1370355.423,1257734.3129422117
GROCERY I,2015-01-18,93,695002.4435332941,1829040.0170343171,,1219965.238,1257734.3129422117
GROCERY I,2015-01-25,94,728089.899475506,1883862.761713172,,1224646.8569999998,1257734.3129422117
GROCERY I,2015-02-01,95,693110.9524177178,1880731.3236959993,,1292713.26,1257734.3129422117
GROCERY I,2015-02-08,96,585712.2053599295,1875003.675046985,,1365133.06,1572167.8911777646
GROCERY I,2015-02-15,97,965534.4235376944,1832525.5528652638,,1192345.673,943300.7347066589
GROCERY I,2015-02-22,98,540528.4132443531,1892743.3478574697,,1368306.745,1572167.8911777646
GROCERY I,2015-03-01,99,744845.4124221178,2010209.3331009476,,1367850.892,1572167.8911777646
GROCERY I,2015-03-08,100,860970.6775998825,1917614.0785238754,,1456042.626,1257734.3129422117
GROCERY I,2015-03-15,101,772011.0515420942,1916906.128119593,,1346693.939,1257734.3129422117
GROCERY I,2015-03-22,102,689707.421484306,1890232.7848249152,,1340037.943,1257734.3129422117
GROCERY I,2015-03-29,103,637331.9304265177,1961984.9842979314,,1310109.804,1572167.8911777646
GROCERY I,2015-04-05,104,682233.7516042828,1871376.1571710012,,1527266.0699999998,1257734.3129422117
GROCERY I,2015-04-12,105,565634.9285464946,1887468.9378571697,,1374333.136,1572167.8911777646
GROCERY I,2015-04-19,106,788349.551724259,1844193.727968141,,1349453.268,1257734.3129422117
GROCERY I,2015-04-26,107,757568.7366664708,1940370.104986223,,1288515.128,1257734.3129422117
GROCERY I,2015-05-03,108,559902.8916086825,1890063.1677347198,,1455400.158,1572167.8911777646
GROCERY I,2015-05-10,109,714511.8867864471,1879117.9708270766,,1417558.896,1257734.3129422117
GROCERY I,2015-05-17,110,600951.3057286588,1842730.4243898771,,1371294.894,1257734.3129422117
GROCERY I,2015-05-24,111,542363.9266708705,1892671.3091247904,,1316321.692,1572167.8911777646
GROCERY I,2015-05-31,112,679857.9778486348,1952251.6575858078,,1434673.84,1572167.8911777646
GROCERY I,2015-06-07,113,690955.5360263991,1877732.35304994,,1561070.333,1257734.3129422117
GROCERY I,2015-06-14,114,629543.1399686108,1876642.0060684348,,1319146.709,1257734.3129422117
GROCERY I,2015-06-21,115,578165.5479108226,2023692.8600308872,,1309111.905,1572167.8911777646
GROCERY I,2015-06-28,116,562106.5590885873,2080192.6740352693,,1588226.88,1572167.8911777646
GROCERY I,2015-07-05,117,331924.98026635195,1946380.466386917,,1802349.47,1886601.4694133177
GROCERY I,2015-07-12,118,786609.97867967,1928255.125392139,,1431916.471,1257734.3129422117
GROCERY I,2015-07-19,119,699549.7156218819,1878496.9136531674,,1344794.576,1257734.3129422117
GROCERY I,2015-07-26,120,636930.2695640936,1963659.1006290202,,1320353.759,1572167.8911777646
GROCERY I,2015-08-02,121,722991.6437418582,1942772.6405343045,,1486106.517,1257734.3129422117
GROCERY I,2015-08-09,122,561895.9266840699,1932281.7637661425,,1418830.03,1572167.8911777646
GROCERY I,2015-08-16,123,619600.5398618346,1944721.1188745,,1514463.278,1572167.8911777646
GROCERY I,2015-08-23,124,816346.8820395991,1968899.6217402332,,1375421.549,1257734.3129422117
GROCERY I,2015-08-30,125,678699.8039818108,2030025.053172884,,1395381.391,1572167.8911777646
GROCERY I,2015-09-06,126,458681.80615957547,2003071.203899403,,1792185.889,1572167.8911777646
GROCERY I,2015-09-13,127,560499.0473373402,1993675.1690365374,,1470350.65,1572167.8911777646
GROCERY I,2015-09-20,128,665414.5875151048,1907584.1966224487,,1467252.351,1257734.3129422117
GROCERY I,2015-09-27,129,522684.94445731654,2055206.7453345407,,1400463.956,1572167.8911777646
GROCERY I,2015-10-04,130,330514.52163508115,1992078.3342029483,,1764338.314,1886601.4694133177
GROCERY I,2015-10-11,131,589868.2640483989,1990517.5512573705,,1627247.727,1572167.8911777646
GROCERY I,2015-10-18,132,642661.0802261636,1915401.2836992573,,1519375.075,1572167.8911777646
GROCERY I,2015-10-25,133,763716.0194039284,1929911.6483753545,,1451112.952,1257734.3129422117
GROCERY I,2015-11-01,134,609230.7353461401,2037377.8819906507,,1412219.597,1572167.8911777646
GROCERY I,2015-11-08,135,397435.63252390455,1997363.7617424917,,1783962.994,1886601.4694133177
GROCERY I,2015-11-15,136,815034.1939372222,2016489.4973469481,,1469002.908,1257734.3129422117
GROCERY I,2015-11-22,137,596827.2118794341,1986285.3127416854,,1475941.295,1572167.8911777646
GROCERY I,2015-11-29,138,700739.4460571988,2127226.2969092876,,1468255.657,1572167.8911777646
GROCERY I,2015-12-06,139,407838.74823496374,2192795.236269215,,1865068.589,1886601.4694133177
GROCERY I,2015-12-13,140,549145.1996482816,2365699.9143179706,,1745295.0180000002,1886601.4694133177
GROCERY I,2015-12-20,141,358898.12806159933,2234370.243905366,,2076848.541,1886601.4694133177
GROCERY I,2015-12-27,142,0.0,2157291.5406235433,,2277493.567,2201035.0476488704
GROCERY I,2016-01-03,143,555205.4716488705,2072957.1828453182,,1645829.576,1572167.8911777646
GROCERY I,2016-01-10,144,432692.34582663514,1950485.0450418815,,1694681.017,1572167.8911777646
GROCERY I,2016-01-17,145,553148.0700043999,1950688.8595946776,,1451712.167,1572167.8911777646
GROCERY I,2016-01-24,146,701381.6811821645,1974456.9348445158,,1423934.28,1572167.8911777646
GROCERY I,2016-01-31,147,824820.1083599289,2094514.9117589481,,1448729.464,1572167.8911777646
GROCERY I,2016-02-07,148,820241.4325376933,2141508.655416173,,1576746.567,1572167.8911777646
GROCERY I,2016-02-14,149,852044.0067154577,2152491.2117850645,,1540365.317,1572167.8911777646
GROCERY I,2016-02-21,150,916470.2928932221,2082104.5160375708,,1507741.605,1257734.3129422117
GROCERY I,2016-02-28,151,712047.5738354342,2081301.8534379704,,1462157.032,1572167.8911777646
GROCERY I,2016-03-06,152,466454.20701319864,2034106.637920695,,1817761.258,1572167.8911777646
GROCERY I,2016-03-13,153,536899.6031909632,2048526.259120114,,1501722.495,1572167.8911777646
GROCERY I,2016-03-20,154,632878.1023687278,1961326.5571330907,,1476189.392,1572167.8911777646
GROCERY I,2016-03-27,155,784573.2275464924,2108353.5881419205,,1420472.766,1572167.8911777646
GROCERY I,2016-04-03,156,622557.7227242568,2093310.0267064609,,1734183.396,1572167.8911777646
GROCERY I,2016-04-10,157,571127.5149020213,2117176.658947408,,1623598.099,1572167.8911777646
GROCERY I,2016-04-17,158,503721.864079786,2187703.29852109,,1639573.542,1886601.4694133177
GROCERY I,2016-04-24,159,0.0,2852549.3609519796,,3204105.968,3144335.7823555293
GROCERY I,2016-05-01,160,988693.8793555293,2995564.428829213,,2155641.903,2201035.0476488704
GROCERY I,2016-05-08,161,792919.8580043996,2641175.0365379015,,2396809.069,1886601.4694133177
GROCERY I,2016-05-15,162,899251.4284177173,2041151.573405373,,1780269.899,1257734.3129422117
GROCERY I,2016-05-22,163,631027.1383599292,2210088.016813516,,1525958.603,1886601.4694133177
GROCERY I,2016-05-29,164,999597.5267732472,2252680.977767425,,1518031.081,1257734.3129422117
GROCERY I,2016-06-05,165,331909.0187154589,2108168.475139084,,1925422.821,1886601.4694133177
GROCERY I,2016-06-12,166,692716.6711287766,2170932.8563281293,,1525793.817,1572167.8911777646
GROCERY I,2016-06-19,167,729821.0433065409,2295222.898590652,,1535063.519,1572167.8911777646
GROCERY I,2016-06-26,168,328153.5864843058,2369904.7845958634,,1973835.348,2201035.0476488704
GROCERY I,2016-07-03,169,528583.4531331758,2158137.8844252303,,2000605.181,1886601.4694133177
GROCERY I,2016-07-10,170,792100.5745464938,2113903.05047147,,1623084.348,1572167.8911777646
GROCERY I,2016-07-17,171,916098.0297242585,2077023.438560853,,1448170.4360000002,1257734.3129422117
GROCERY I,2016-07-24,172,472137.13966647047,2182648.268893841,,1701695.203,1886601.4694133177
GROCERY I,2016-07-31,173,846751.0760797886,2095597.5123652709,,1511987.5329999998,1257734.3129422117
GROCERY I,2016-08-07,174,418875.1190220001,2098182.057070117,,1685610.27,1886601.4694133177
GROCERY I,2016-08-14,175,918063.1684353179,2012399.7745617747,,1387413.42,1257734.3129422117
GROCERY I,2016-08-21,176,695905.63537753,2022786.7889606492,,1479891.846,1572167.8911777646
GROCERY I,2016-08-28,177,877968.4665552946,2228285.621894977,,1390105.06,1572167.8911777646
GROCERY I,2016-09-04,178,746645.6227330591,2051374.4001741293,,1703490.735,1572167.8911777646
GROCERY I,2016-09-11,179,720393.2149108234,2146832.8323566155,,1598420.299,1572167.8911777646
GROCERY I,2016-09-18,180,823409.714088588,2109925.108526943,,1469151.392,1572167.8911777646
GROCERY I,2016-09-25,181,953338.2082663525,2244579.793341237,,1442239.397,1572167.8911777646
GROCERY I,2016-10-02,182,859413.5594441174,2205495.5084486483,,1666092.54,1572167.8911777646
GROCERY I,2016-10-09,183,725958.2026218821,2212926.2312552407,,1705623.248,1572167.8911777646
GROCERY I,2016-10-16,184,760868.903799647,2119518.5076970523,,1537257.19,1572167.8911777646
GROCERY I,2016-10-23,185,848479.1109774117,2169935.4658643864,,1484557.684,1572167.8911777646
GROCERY I,2016-10-30,186,1000452.4851551764,2372735.7537579886,,1420194.517,1572167.8911777646
GROCERY I,2016-11-06,187,698438.001332941,2284542.635185323,,1874182.375,1886601.4694133177
GROCERY I,2016-11-13,188,603010.7727462586,2272017.6903279,,1982028.698,1886601.4694133177
GROCERY I,2016-11-20,189,807707.5871595761,2283692.538962044,,1681904.655,1572167.8911777646
GROCERY I,2016-11-27,190,756740.9593373409,2423805.451388315,,1623134.519,1886601.4694133177
GROCERY I,2016-12-04,191,699998.0847506584,2528476.6380457436,,1943344.344,1886601.4694133177
GROCERY I,2016-12-11,192,624515.4311639762,2745097.0211245185,,1962084.123,2201035.0476488704
GROCERY I,2016-12-18,193,708899.3868128462,2708648.7025779397,,2116651.092,2201035.0476488704
GROCERY I,2016-12-25,194,145669.44746171637,2517445.5089203846,,2764264.987,2515468.6258844235
GROCERY I,2017-01-01,195,951981.4833461398,2326000.0664021694,,1709156.59,1572167.8911777646
GROCERY I,2017-01-08,196,391197.1655239044,2101570.228510275,,2132952.209,1886601.4694133177
GROCERY I,2017-01-15,197,633538.034937222,2148288.2321327142,,1644260.6,1572167.8911777646
GROCERY I,2017-01-22,198,572099.2341149866,2035084.9484447327,,1633606.692,1572167.8911777646
GROCERY I,2017-01-29,199,564521.0022927511,2049139.3809205026,,1579746.123,1572167.8911777646
GROCERY I,2017-02-05,200,270036.1684705154,2053319.3516591128,,1866652.725,1886601.4694133177
GROCERY I,2017-02-12,201,520325.38288383326,2105596.5111058326,,1636312.255,1886601.4694133177
GROCERY I,2017-02-19,202,804704.0202971511,2100610.2664081333,,1602222.832,1572167.8911777646
GROCERY I,2017-02-26,203,770612.6574749157,2255734.5309947887,,1606259.254,1572167.8911777646
GROCERY I,2017-03-05,204,313041.4486526805,2088290.0600895816,,2029739.1,1886601.4694133177
GROCERY I,2017-03-12,205,438120.20306599815,2087100.3348920688,,1761522.715,1886601.4694133177
GROCERY I,2017-03-19,206,617522.4014793157,2069764.2976634668,,1707199.271,1572167.8911777646
GROCERY I,2017-03-26,207,461174.4376570801,2267815.1981781,,1728515.855,1886601.4694133177
GROCERY I,2017-04-02,208,342144.91407039785,2216180.448028233,,2005630.993,1886601.4694133177
GROCERY I,2017-04-09,209,359598.08748371527,2347436.094235237,,1869148.296,2201035.0476488704
GROCERY I,2017-04-16,210,616710.5531325857,2808513.7452548435,,1943922.582,2201035.0476488704
GROCERY I,2017-04-23,211,1126652.6607814562,2239812.0509550716,,1691092.94,1257734.3129422117
GROCERY I,2017-04-30,212,711551.0027236678,2135804.4143837644,,1672835.971,1572167.8911777646
GROCERY I,2017-05-07,213,190254.4769014325,2118429.430905755,,2093464.417,2201035.0476488704
GROCERY I,2017-05-14,214,697876.3665503028,2182775.348904667,,1693413.158,1572167.8911777646
GROCERY I,2017-05-21,215,457575.62872806727,2120214.92583965,,1812468.629,1886601.4694133177
GROCERY I,2017-05-28,216,622372.3561413852,2273744.08430655,,1721804.742,1886601.4694133177
GROCERY I,2017-06-04,217,484745.39255470294,2206732.8963800957,,2024228.433,1886601.4694133177
GROCERY I,2017-06-11,218,497015.1529680209,2239489.6031832583,,1874331.709,1886601.4694133177
GROCERY I,2017-06-18,219,660504.3203813389,2525822.946554284,,1723112.302,1886601.4694133177
GROCERY I,2017-06-25,220,228948.5867946567,2523109.003850748,,2318157.2029999997,2515468.6258844235
GROCERY I,2017-07-02,221,934582.9846790803,2304038.4924561614,,1809834.228,1572167.8911777646
GROCERY I,2017-07-09,222,391672.66185684456,2124981.347749471,,2115078.214,1886601.4694133177
GROCERY I,2017-07-16,223,653250.9612701624,2249519.290269361,,1625023.17,1886601.4694133177
GROCERY I,2017-07-23,224,880452.77668348,2146772.8089072295,,1659399.654,1572167.8911777646
GROCERY I,2017-07-30,225,733246.4798612446,2158227.187009224,,1719374.188,1572167.8911777646
GROCERY I,2017-08-06,226,373260.0250390093,2122517.4508856134,,1932154.346,1886601.4694133177
GROCERY I,2017-08-13,227,661167.1754523271,793442.7087192439,,1598694.319,314433.57823555294
GROCERY I,2017-08-20,228,526036.93468788,793442.7087192439,,449563.819,314433.57823555294
BEVERAGES,2013-04-07,0,644622.249314084,1086041.249314084,,441419.0,520696.0369654376
BEVERAGES,2013-04-14,1,753272.2862795214,1083916.956372936,,412046.0,520696.0369654376
BEVERAGES,2013-04-21,2,874638.3232449591,1023702.8173634806,,399330.0,260348.0184827188
BEVERAGES,2013-04-28,3,740095.341727678,1009885.9586682954,,394891.0,520696.0369654376
BEVERAGES,2013-05-05,4,808002.3786931154,1047660.2417684611,,452789.0,260348.0184827188
BEVERAGES,2013-05-12,5,597393.3971758343,1088225.356096521,,470957.0,520696.0369654376
BEVERAGES,2013-05-19,6,687965.4341412717,1068143.5414281478,,430124.0,520696.0369654376
BEVERAGES,2013-05-26,7,812285.4711067094,1045873.0236624328,,396376.0,260348.0184827188
BEVERAGES,2013-06-02,8,647907.4895894283,1037650.9859826842,,424726.0,520696.0369654376
BEVERAGES,2013-06-09,9,742391.5265548658,1036181.1160191757,,426212.0,520696.0369654376
BEVERAGES,2013-06-16,10,859548.5635203035,1039700.4631716083,,403539.0,260348.0184827188
BEVERAGES,2013-06-23,11,703469.5820030223,1040992.0857709765,,416427.0,520696.0369654376
BEVERAGES,2013-06-30,12,732961.6189684598,1051849.2427474402,,491204.0,520696.0369654376
BEVERAGES,2013-07-07,13,801625.6559338975,1042202.4889848096,,452032.0,260348.0184827188
BEVERAGES,2013-07-14,14,697078.6744166163,987416.0609852921,,364895.0,520696.0369654376
BEVERAGES,2013-07-21,15,844291.7113820538,1000850.8810655412,,373483.0,260348.0184827188
BEVERAGES,2013-07-28,16,725964.7298647726,999048.7108250341,,378675.0,520696.0369654376
BEVERAGES,2013-08-04,17,830496.7668302101,1026662.8763317042,,416164.0,260348.0184827188
BEVERAGES,2013-08-11,18,688132.785312929,1012047.522938546,,402712.0,520696.0369654376
BEVERAGES,2013-08-18,19,807677.8222783664,1024599.9076831797,,401151.0,260348.0184827188
BEVERAGES,2013-08-25,20,670903.8407610853,1001221.668595376,,397122.0,520696.0369654376
BEVERAGES,2013-09-01,21,750603.8777265227,1030158.7571194827,,440996.0,520696.0369654376
BEVERAGES,2013-09-08,22,805972.9146919604,1067433.1179960207,,465327.0,520696.0369654376
BEVERAGES,2013-09-15,23,898457.9516573981,1064136.0332110596,,428211.0,260348.0184827188
BEVERAGES,2013-09-22,24,723485.970140117,1067887.8503768914,,435320.0,520696.0369654376
BEVERAGES,2013-09-29,25,818274.0071055545,1045840.376477059,,425908.0,260348.0184827188
BEVERAGES,2013-10-06,26,618870.0255882733,1068199.546999017,,459752.0,520696.0369654376
BEVERAGES,2013-10-13,27,707108.0625537108,1063113.023384352,,432458.0,520696.0369654376
BEVERAGES,2013-10-20,28,814590.0995191485,1065237.706706231,,413214.0,260348.0184827188
BEVERAGES,2013-10-27,29,670051.1180018673,1046703.8273274209,,404887.0,520696.0369654376
BEVERAGES,2013-11-03,30,752756.1549673048,1068006.1750306853,,437991.0,520696.0369654376
BEVERAGES,2013-11-10,31,819896.1919327425,1077712.6656461903,,453556.0,260348.0184827188
BEVERAGES,2013-11-17,32,638018.2104154613,1067640.3108263717,,442226.0,520696.0369654376
BEVERAGES,2013-11-24,33,736691.2473808988,1062160.6488815022,,422023.0,520696.0369654376
BEVERAGES,2013-12-01,34,812510.2843463365,1040246.9778856115,,444877.0,260348.0184827188
BEVERAGES,2013-12-08,35,597938.3028290553,1075565.0397615018,,474920.0,520696.0369654376
BEVERAGES,2013-12-15,36,643671.3397944928,1079661.4643703056,,474963.0,520696.0369654376
BEVERAGES,2013-12-22,37,567062.3767599305,971253.1202696539,,597305.0,520696.0369654376
BEVERAGES,2013-12-29,38,597244.4137253682,1256705.6828750572,,490514.0,781044.0554481563
BEVERAGES,2014-01-05,39,432722.4691735245,1453080.0425262041,,945566.0,1041392.0739308752
BEVERAGES,2014-01-12,40,504989.5431043997,1495983.3221527757,,969125.0,1041392.0739308752
BEVERAGES,2014-01-19,41,591255.6170352749,1471384.1157306158,,955126.0,1041392.0739308752
BEVERAGES,2014-01-26,42,703359.69096615,1455396.8083164014,,929288.0,781044.0554481563
BEVERAGES,2014-02-02,43,752966.7464143063,1327786.12890793,,731437.0,781044.0554481563
BEVERAGES,2014-02-09,44,1064088.8018624627,1117394.2517826988,,469922.0,260348.0184827188
BEVERAGES,2014-02-16,45,829731.8203451815,1074251.3063915647,,494705.0,260348.0184827188
BEVERAGES,2014-02-23,46,623748.8388279004,1069951.2589856973,,466331.0,520696.0369654376
BEVERAGES,2014-03-02,47,505254.8757933378,1174472.1986719992,,639190.0,781044.0554481563
BEVERAGES,2014-03-09,48,203848.93124149414,1509434.2625503223,,1082450.0,1562088.1108963126
BEVERAGES,2014-03-16,49,823268.0421378068,1490207.3056101212,,942669.0,781044.0554481563
BEVERAGES,2014-03-23,50,651967.0975859631,1454782.952359959,,952345.0,1041392.0739308752
BEVERAGES,2014-03-30,51,733541.1715168383,1464121.2338379938,,959818.0,781044.0554481563
BEVERAGES,2014-04-06,52,893223.2269649946,1235826.2974928585,,621362.0,520696.0369654376
BEVERAGES,2014-04-13,53,913805.263930432,1094625.349205984,,500114.0,260348.0184827188
BEVERAGES,2014-04-20,54,674307.2824131509,1107714.3515967433,,499846.0,520696.0369654376
BEVERAGES,2014-04-27,55,721856.3193785883,1108906.8720783663,,473147.0,520696.0369654376
BEVERAGES,2014-05-04,56,741607.356344026,1107525.0076285354,,500945.0,520696.0369654376
BEVERAGES,2014-05-11,57,798092.3933094637,1057227.1636117501,,464211.0,260348.0184827188
BEVERAGES,2014-05-18,58,586334.4117921826,1045444.8891754579,,472106.0,520696.0369654376
BEVERAGES,2014-05-25,59,656589.4487576201,1058245.2194189795,,450441.0,520696.0369654376
BEVERAGES,2014-06-01,60,707005.4857230578,1074462.4821739094,,470280.0,520696.0369654376
BEVERAGES,2014-06-08,61,723474.5226884955,1070429.6686769628,,504227.0,520696.0369654376
BEVERAGES,2014-06-15,62,775087.5596539332,1062792.5961708932,,469083.0,520696.0369654376
BEVERAGES,2014-06-22,63,797915.5966193709,1107779.9864387424,,497868.0,520696.0369654376
BEVERAGES,2014-06-29,64,706180.6335848086,1185994.0940121405,,612431.0,520696.0369654376
BEVERAGES,2014-07-06,65,104913.67055024626,1513261.599165753,,1121963.0,1562088.1108963126
BEVERAGES,2014-07-13,66,748781.7814465589,1488284.627847807,,918220.0,781044.0554481563
BEVERAGES,2014-07-20,67,584662.8368947152,1446023.5332077835,,945163.0,1041392.0739308752
BEVERAGES,2014-07-27,68,712620.9108255904,1472143.2533429817,,913434.0,781044.0554481563
BEVERAGES,2014-08-03,69,762732.9662737467,1354499.0315039507,,730932.0,781044.0554481563
BEVERAGES,2014-08-10,70,1087063.021721903,1133125.1928109413,,456714.0,260348.0184827188
BEVERAGES,2014-08-17,71,892130.0402046219,1085250.821179158,,455281.0,260348.0184827188
BEVERAGES,2014-08-24,72,696844.0586873407,1071007.5373243205,,455634.0,520696.0369654376
BEVERAGES,2014-08-31,73,742150.0956527782,1112111.1827529895,,475390.0,520696.0369654376
BEVERAGES,2014-09-07,74,131582.13261821587,1514382.8375940267,,1131264.0,1562088.1108963126
BEVERAGES,2014-09-14,75,710304.2435145285,1535553.4480951296,,983366.0,1041392.0739308752
BEVERAGES,2014-09-21,76,763763.3174454037,1502111.4027804486,,987933.0,781044.0554481563
BEVERAGES,2014-09-28,77,593100.37289356,1518829.0116070667,,951707.0,1041392.0739308752
BEVERAGES,2014-10-05,78,524109.44682443514,1612505.4926128532,,1110383.0,1301740.092413594
BEVERAGES,2014-10-12,79,829466.5392380292,1576294.687016894,,996383.0,781044.0554481563
BEVERAGES,2014-10-19,80,602530.5946861855,1540541.3852007585,,1007980.0,1041392.0739308752
BEVERAGES,2014-10-26,81,686441.6686170606,1521112.8216410298,,957481.0,1041392.0739308752
BEVERAGES,2014-11-02,82,830901.7425479358,1485679.5936443242,,896932.0,781044.0554481563
BEVERAGES,2014-11-09,83,451941.7979960921,1635352.136499161,,1160004.0,1301740.092413594
BEVERAGES,2014-11-16,84,776332.8904096861,1567845.9400900456,,977349.0,1041392.0739308752
BEVERAGES,2014-11-23,85,845770.9643405613,1559749.2793966236,,971954.0,781044.0554481563
BEVERAGES,2014-11-30,86,635251.0197887176,1593394.47117729,,991564.0,1041392.0739308752
BEVERAGES,2014-12-07,87,552065.0937195928,1687422.5531136475,,1124578.0,1301740.092413594
BEVERAGES,2014-12-14,88,788686.1861331868,1699021.067545276,,1065119.0,1041392.0739308752
BEVERAGES,2014-12-21,89,715716.260064062,1527873.9108943734,,1114362.0,1041392.0739308752
BEVERAGES,2014-12-28,90,368560.33399493713,2027996.4004363297,,1388548.0,1822436.1293790315
BEVERAGES,2015-01-04,91,1320870.4633739684,1657908.5860227956,,870126.0,520696.0369654376
BEVERAGES,2015-01-11,92,1249063.500339406,1323872.3555708225,,592503.0,260348.0184827188
BEVERAGES,2015-01-18,93,957830.5188221249,1237791.967749396,,551581.0,520696.0369654376
BEVERAGES,2015-01-25,94,968340.5557875624,1158918.0187416193,,510186.0,260348.0184827188
BEVERAGES,2015-02-01,95,710238.5742702812,1089247.1419525994,,518450.0,520696.0369654376
BEVERAGES,2015-02-08,96,693378.6112357187,1173038.9991152526,,537556.0,520696.0369654376
BEVERAGES,2015-02-15,97,700541.6482011564,1174474.579926916,,513533.0,520696.0369654376
BEVERAGES,2015-02-22,98,632999.6851665941,1272042.2781236642,,588238.0,781044.0554481563
BEVERAGES,2015-03-01,99,886166.7406147504,1315170.9656550793,,527877.0,520696.0369654376
BEVERAGES,2015-03-08,100,842609.7775801881,1236015.5942115702,,564253.0,520696.0369654376
BEVERAGES,2015-03-15,101,825261.8145456258,1234390.300502947,,538044.0,520696.0369654376
BEVERAGES,2015-03-22,102,854094.8515110635,1170686.8693618104,,491863.0,520696.0369654376
BEVERAGES,2015-03-29,103,887297.8884765012,1087789.0184376042,,487493.0,260348.0184827188
BEVERAGES,2015-04-05,104,604967.9069592201,1134162.4017370353,,542678.0,781044.0554481563
BEVERAGES,2015-04-12,105,834832.9624073764,1174913.8428897604,,551179.0,520696.0369654376
BEVERAGES,2015-04-19,106,823113.9993728139,1169414.2799609378,,532415.0,520696.0369654376
BEVERAGES,2015-04-26,107,805947.0363382515,1172332.5348481112,,537863.0,520696.0369654376
BEVERAGES,2015-05-03,108,723199.0733036892,1205785.9363750545,,603444.0,520696.0369654376
BEVERAGES,2015-05-10,109,644377.110269127,1234144.4926522719,,599518.0,781044.0554481563
BEVERAGES,2015-05-17,110,686797.1657172833,1324965.4441401567,,738624.0,781044.0554481563
BEVERAGES,2015-05-24,111,762559.2211654396,1337106.758102064,,705282.0,781044.0554481563
BEVERAGES,2015-05-31,112,395509.2766135959,1609751.781320753,,1148094.0,1301740.092413594
BEVERAGES,2015-06-07,113,483572.3690271899,1723781.8947513509,,1213677.0,1301740.092413594
BEVERAGES,2015-06-14,114,702208.4614407839,1682160.1158478586,,1083104.0,1041392.0739308752
BEVERAGES,2015-06-21,115,643312.5353716591,1682972.3938765095,,1100288.0,1041392.0739308752
BEVERAGES,2015-06-28,116,374651.60930253426,1928458.6340187439,,1310053.0,1562088.1108963126
BEVERAGES,2015-07-05,117,533396.7201988469,1921144.844415126,,1403343.0,1562088.1108963126
BEVERAGES,2015-07-12,118,1007765.8310951595,1740379.460151071,,1087719.0,781044.0554481563
BEVERAGES,2015-07-19,119,751844.8865433158,1667967.6936438445,,1036965.0,1041392.0739308752
BEVERAGES,2015-07-26,120,782365.960474191,1581998.8118106031,,1010871.0,1041392.0739308752
BEVERAGES,2015-08-02,121,741016.0344050662,1584213.7000868549,,1082742.0,1041392.0739308752
BEVERAGES,2015-08-09,122,740718.1083359413,1614212.1108899014,,1041690.0,1041392.0739308752
BEVERAGES,2015-08-16,123,628530.1822668165,1704631.8442957299,,1153580.0,1301740.092413594
BEVERAGES,2015-08-23,124,884671.2746804105,1659188.6520312293,,1045599.0,781044.0554481563
BEVERAGES,2015-08-30,125,586532.3301285668,1778942.7127549276,,1079183.0,1301740.092413594
BEVERAGES,2015-09-06,126,461149.42254216084,1911572.687939309,,1427123.0,1562088.1108963126
BEVERAGES,2015-09-13,127,750234.5334384735,1868267.6590010757,,1273003.0,1301740.092413594
BEVERAGES,2015-09-20,128,777563.6258520675,1829613.7146704658,,1274411.0,1301740.092413594
BEVERAGES,2015-09-27,129,842014.7182656615,1842111.686746763,,1237289.0,1041392.0739308752
BEVERAGES,2015-10-04,130,523364.79219653667,1831071.199649325,,1360042.0,1562088.1108963126
BEVERAGES,2015-10-11,131,822491.9030928493,1815565.8110278856,,1262961.0,1041392.0739308752
BEVERAGES,2015-10-18,132,685367.9770237245,1742521.5466164814,,1178516.0,1301740.092413594
BEVERAGES,2015-10-25,133,864062.0694373185,1704984.1054089805,,1123046.0,1041392.0739308752
BEVERAGES,2015-11-01,134,892974.1433681936,1715632.6059800151,,1012480.0,1041392.0739308752
BEVERAGES,2015-11-08,135,634242.2172990688,1798314.2193910687,,1300124.0,1301740.092413594
BEVERAGES,2015-11-15,136,824908.3097126628,1752330.6075502865,,1111074.0,1041392.0739308752
BEVERAGES,2015-11-22,137,742453.383643538,1698259.6210649535,,1123847.0,1041392.0739308752
BEVERAGES,2015-11-29,138,669388.4575744132,1725803.3335605469,,1114457.0,1301740.092413594
BEVERAGES,2015-12-06,139,689533.5499880072,1819470.3542895056,,1281595.0,1301740.092413594
BEVERAGES,2015-12-13,140,802284.6424016012,1808886.1976978777,,1188989.0,1041392.0739308752
BEVERAGES,2015-12-20,141,620163.7163324764,1707107.8921041104,,1223513.0,1301740.092413594
BEVERAGES,2015-12-27,142,554530.8087460704,1846238.7712790985,,1367373.0,1301740.092413594
BEVERAGES,2016-01-03,143,530181.9011596644,1800339.7209857209,,1326089.0,1301740.092413594
BEVERAGES,2016-01-10,144,470131.9935732584,1877822.372250699,,1361790.0,1562088.1108963126
BEVERAGES,2016-01-17,145,871553.104469571,1755001.5617317765,,1160667.0,1041392.0739308752
BEVERAGES,2016-01-24,146,787875.1784004462,1716108.5795927981,,1125070.0,1041392.0739308752
BEVERAGES,2016-01-31,147,723797.2523313214,1749363.7638514102,,1105470.0,1041392.0739308752
BEVERAGES,2016-02-07,148,616764.3262621965,1772452.3557666265,,1148425.0,1301740.092413594
BEVERAGES,2016-02-14,149,784607.4186757905,1698548.4363710966,,1133897.0,1041392.0739308752
BEVERAGES,2016-02-21,150,657840.4926066657,1745935.2477536278,,1168159.0,1301740.092413594
BEVERAGES,2016-02-28,151,837647.5850202597,1683176.341026885,,1121933.0,1041392.0739308752
BEVERAGES,2016-03-06,152,611132.6589511349,1747313.7505580978,,1267907.0,1301740.092413594
BEVERAGES,2016-03-13,153,803149.7513647289,1684550.178956689,,1109723.0,1041392.0739308752
BEVERAGES,2016-03-20,154,732914.8252956041,1632687.7750962228,,1111627.0,1041392.0739308752
BEVERAGES,2016-03-27,155,670238.8992264792,1700721.6370292765,,1104068.0,1041392.0739308752
BEVERAGES,2016-04-03,156,472712.9731573544,1818056.0194839777,,1238918.0,1562088.1108963126
BEVERAGES,2016-04-10,157,857133.084053667,1760932.5725374464,,1177668.0,1041392.0739308752
BEVERAGES,2016-04-17,158,732314.1579845422,1802290.291932725,,1166211.0,1301740.092413594
BEVERAGES,2016-04-24,159,90265.25039813621,2349310.0549414475,,1943789.0,2343132.166344469
BEVERAGES,2016-05-01,160,954238.4167426052,2235925.2190024043,,1479159.0,1301740.092413594
BEVERAGES,2016-05-08,161,613604.5091561992,2164971.64507439,,1642374.0,1562088.1108963126
BEVERAGES,2016-05-15,162,874466.6200525118,1692939.08310665,,1301226.0,1041392.0739308752
BEVERAGES,2016-05-22,163,791499.693983387,1812044.3096105903,,1124359.0,1041392.0739308752
BEVERAGES,2016-05-29,164,776619.7679142621,1711890.747181522,,1056272.0,1041392.0739308752
BEVERAGES,2016-06-05,165,617533.8418451373,1691006.9671462267,,1200478.0,1301740.092413594
BEVERAGES,2016-06-12,166,919437.9342587313,1653100.6105973052,,999836.0,781044.0554481563
BEVERAGES,2016-06-19,167,656139.9897068876,1661133.2753587204,,1044342.0,1041392.0739308752
BEVERAGES,2016-06-26,168,258412.0636377628,1894509.8163955188,,1439120.0,1822436.1293790315
BEVERAGES,2016-07-03,169,719830.1930167943,1878051.5180982219,,1361018.0,1301740.092413594
BEVERAGES,2016-07-10,170,919600.2854303883,1694000.2854563373,,1101970.0,781044.0554481563
BEVERAGES,2016-07-17,171,657626.3408785446,1634362.2831917505,,1043018.0,1041392.0739308752
BEVERAGES,2016-07-24,172,497857.4148094198,1753175.7503431267,,1201161.0,1301740.092413594
BEVERAGES,2016-07-31,173,744524.5072230138,1744381.564996298,,1055073.0,1041392.0739308752
BEVERAGES,2016-08-07,174,630440.581153889,1793378.5235763716,,1155476.0,1301740.092413594
BEVERAGES,2016-08-14,175,851800.673567483,1671255.205266825,,1080380.0,1041392.0739308752
BEVERAGES,2016-08-21,176,762580.7474983581,1677827.2640597206,,1130612.0,1041392.0739308752
BEVERAGES,2016-08-28,177,732352.8214292333,1746628.8011069938,,1071620.0,1041392.0739308752
BEVERAGES,2016-09-04,178,519752.89536010846,1734074.075562069,,1253992.0,1301740.092413594
BEVERAGES,2016-09-11,179,614050.9877737025,1825823.220914915,,1207442.0,1301740.092413594
BEVERAGES,2016-09-18,180,831436.0801872965,1772958.335702393,,1084355.0,1041392.0739308752
BEVERAGES,2016-09-25,181,809940.1541181717,1692313.7513980009,,1062888.0,1041392.0739308752
BEVERAGES,2016-10-02,182,676523.2280490468,1643234.1213231578,,1174809.0,1041392.0739308752
BEVERAGES,2016-10-09,183,539531.301979922,1664994.6780840366,,1178384.0,1301740.092413594
BEVERAGES,2016-10-16,184,727544.394393516,1699604.5531921075,,1113727.0,1041392.0739308752
BEVERAGES,2016-10-23,185,657388.4683243912,1813220.7021800268,,1111548.0,1301740.092413594
BEVERAGES,2016-10-30,186,880471.5607379852,1855722.7060219203,,1078657.0,1041392.0739308752
BEVERAGES,2016-11-06,187,523236.63466886035,1903691.3400378535,,1398627.0,1562088.1108963126
BEVERAGES,2016-11-13,188,550962.745565173,2003019.7065660872,,1534362.0,1562088.1108963126
BEVERAGES,2016-11-20,189,800960.8564614858,1983255.084450996,,1312090.0,1301740.092413594
BEVERAGES,2016-11-27,190,830358.9488750799,1946646.8447817382,,1272342.0,1301740.092413594
BEVERAGES,2016-12-04,191,732185.0412886739,1937603.7299473207,,1399914.0,1301740.092413594
BEVERAGES,2016-12-11,192,691013.1337022679,1909743.8962044928,,1342912.0,1301740.092413594
BEVERAGES,2016-12-18,193,704499.2261158619,1790291.9679006368,,1288254.0,1301740.092413594
BEVERAGES,2016-12-25,194,557147.3185294559,2008125.1890097205,,1449092.0,1562088.1108963126
BEVERAGES,2017-01-01,195,847781.4294257686,1855839.1341529833,,1271454.0,1041392.0739308752
BEVERAGES,2017-01-08,196,174892.50335664372,2056032.1471678284,,1714281.0,2082784.1478617503
BEVERAGES,2017-01-15,197,862614.6512183938,2009912.4320544302,,1395062.0,1301740.092413594
BEVERAGES,2017-01-22,198,733306.7436319878,1918548.9744621555,,1431048.0,1301740.092413594
BEVERAGES,2017-01-29,199,749724.8360455818,1820916.5660287251,,1285322.0,1301740.092413594
BEVERAGES,2017-02-05,200,689059.9284591759,1817923.8640379529,,1362405.0,1301740.092413594
BEVERAGES,2017-02-12,201,727795.0208727699,1813503.3781181755,,1263005.0,1301740.092413594
BEVERAGES,2017-02-19,202,829580.1132863639,1742007.5962025854,,1199955.0,1041392.0739308752
BEVERAGES,2017-02-26,203,665281.187217239,1825978.2614431279,,1205691.0,1301740.092413594
BEVERAGES,2017-03-05,204,483940.2796308331,1955960.1143840312,,1483081.0,1562088.1108963126
BEVERAGES,2017-03-12,205,710250.3905271457,1938330.7430396702,,1335778.0,1301740.092413594
BEVERAGES,2017-03-19,206,585890.4829407397,1951860.482142614,,1426100.0,1562088.1108963126
BEVERAGES,2017-03-26,207,738044.5938370526,1936724.1482063162,,1409934.0,1301740.092413594
BEVERAGES,2017-04-02,208,582709.6862506466,1907219.3961008484,,1457075.0,1562088.1108963126
BEVERAGES,2017-04-09,209,774452.7971469592,1979336.6549472574,,1370345.0,1301740.092413594
BEVERAGES,2017-04-16,210,584028.8895605532,2204100.0756533565,,1492164.0,1822436.1293790315
BEVERAGES,2017-04-23,211,1086508.0189395845,1878488.0436532062,,1319957.0,1041392.0739308752
BEVERAGES,2017-04-30,212,802235.0928704599,1844056.3863178324,,1325665.0,1301740.092413594
BEVERAGES,2017-05-07,213,579059.1852840539,1946761.135463339,,1524916.0,1562088.1108963126
BEVERAGES,2017-05-14,214,941256.2961803665,1836608.877340602,,1199891.0,1041392.0739308752
BEVERAGES,2017-05-21,215,664913.3701112417,1835693.108400101,,1317735.0,1301740.092413594
BEVERAGES,2017-05-28,216,676459.4625248357,1868545.1760720576,,1290194.0,1301740.092413594
BEVERAGES,2017-06-04,217,484517.55493842973,1958729.602127721,,1493682.0,1562088.1108963126
BEVERAGES,2017-06-11,218,581502.6658347424,1979055.201379999,,1465103.0,1562088.1108963126
BEVERAGES,2017-06-18,219,829941.7767310552,2083990.8076485496,,1313649.0,1301740.092413594
BEVERAGES,2017-06-25,220,330252.86914464924,2196708.7559807114,,1801429.0,2082784.1478617503
BEVERAGES,2017-07-02,221,1086773.0170063996,1989046.3336271339,,1326264.0,1041392.0739308752
BEVERAGES,2017-07-09,222,560176.0909372745,2022227.2168715356,,1567989.0,1562088.1108963126
BEVERAGES,2017-07-16,223,760413.2018335871,1949383.277534532,,1361851.0,1301740.092413594
BEVERAGES,2017-07-23,224,713701.2942471812,1822911.7025747274,,1348452.0,1301740.092413594
BEVERAGES,2017-07-30,225,654062.3866607752,1857150.796121052,,1361379.0,1301740.092413594
BEVERAGES,2017-08-06,226,519297.4790743692,1901822.5511869944,,1436505.0,1562088.1108963126
BEVERAGES,2017-08-13,227,858088.5899706818,853872.3304792459,,1223297.0,0.0
BEVERAGES,2017-08-20,228,512483.5899706818,853872.3304792459,,345605.0,520696.0369654376
CLEANING,2013-04-07,0,384019.5065054172,,766438.5065054172,382419.0,382419.0
CLEANING,2013-04-14,1,445627.5065054172,,745024.9814655404,320811.0,299397.4749601232
CLEANING,2013-04-21,2,420975.98146554036,,721438.4954324258,324049.0,300462.5139668854
CLEANING,2013-04-28,3,409703.49543242576,,716708.9104076575,311735.0,307005.41497523175
CLEANING,2013-05-05,4,331366.9104076575,,725787.3974546817,385342.0,394420.4870470242
CLEANING,2013-05-12,5,363296.3974546817,,727626.3841554554,362491.0,364329.9867007737
CLEANING,2013-05-19,6,388030.3841554554,,722973.8780980064,339596.0,334943.49394255097
CLEANING,2013-05-26,7,402904.87809800636,,720466.2186883677,320069.0,317561.3405903614
CLEANING,2013-06-02,8,359648.21868836775,,722038.7610068198,360818.0,362390.54231845203
CLEANING,2013-06-09,9,354320.7610068198,,717456.7198386606,367718.0,363135.9588318408
CLEANING,2013-06-16,10,410065.71983866056,,709469.727694719,307391.0,299404.0078560584
CLEANING,2013-06-23,11,383264.727694719,,711161.3334391199,326205.0,327896.6057444009
CLEANING,2013-06-30,12,307882.33343911986,,724062.1168678384,403279.0,416179.78342871857
CLEANING,2013-07-07,13,296249.1168678384,,720861.5882760787,427813.0,424612.47140824026
CLEANING,2013-07-14,14,415961.5882760787,,704466.0182628237,304900.0,288504.429986745
CLEANING,2013-07-21,15,398289.0182628237,,693793.0411533935,306177.0,295504.02289056976
CLEANING,2013-07-28,16,392429.04115339345,,693742.67478036,301364.0,301313.6336269665
CLEANING,2013-08-04,17,330965.67478035996,,696507.4697809096,362777.0,365541.79500054964
CLEANING,2013-08-11,18,367563.4697809096,,692096.981061472,328944.0,324533.5112805624
CLEANING,2013-08-18,19,374889.981061472,,685823.222180442,317207.0,310933.24111897
CLEANING,2013-08-25,20,369401.22218044195,,682965.1510439949,316422.0,313563.928863553
CLEANING,2013-09-01,21,335821.15104399493,,693968.2652052992,347144.0,358147.1141613043
CLEANING,2013-09-08,22,318740.26520529925,,700905.7352250286,375228.0,382165.47001972934
CLEANING,2013-09-15,23,387958.7352250286,,698329.5961194328,312947.0,310370.86089440424
CLEANING,2013-09-22,24,387781.5961194328,,693082.3527704251,310548.0,305300.7566509923
CLEANING,2013-09-29,25,382500.35277042515,,698340.7981529982,310582.0,315840.44538257306
CLEANING,2013-10-06,26,317571.7981529982,,704160.6328140798,380769.0,386588.83466108155
CLEANING,2013-10-13,27,393491.63281407976,,701815.7351560453,310669.0,308324.10234196554
CLEANING,2013-10-20,28,386417.7351560453,,698648.3251793555,315398.0,312230.59002331016
CLEANING,2013-10-27,29,400360.32517935545,,699178.5857955716,298288.0,298818.2606162161
CLEANING,2013-11-03,30,354497.58579557156,,707845.1452611482,344681.0,353347.55946557666
CLEANING,2013-11-10,31,354111.1452611482,,706276.443107903,353734.0,352165.2978467548
CLEANING,2013-11-17,32,396860.443107903,,698386.3916574961,309416.0,301525.9485495931
CLEANING,2013-11-24,33,392956.3916574961,,691348.800445145,305430.0,298392.4087876489
CLEANING,2013-12-01,34,361628.800445145,,695219.9426358667,329720.0,333591.1421907217
CLEANING,2013-12-08,35,317387.9426358667,,704398.5337930637,377832.0,387010.591157197
CLEANING,2013-12-15,36,351613.5337930637,,657209.6526871893,352785.0,305596.11889412557
CLEANING,2013-12-22,37,178178.6526871893,,694122.1286224631,479031.0,515943.4759352738
CLEANING,2013-12-29,38,314768.1286224631,,790460.8990124429,379354.0,475692.7703899798
CLEANING,2014-01-05,39,348237.8990124429,,795717.3614719054,442223.0,447479.46245946246
CLEANING,2014-01-12,40,412444.3614719054,,778091.2942932055,383273.0,365646.9328213001
CLEANING,2014-01-19,41,423416.2942932055,,757211.3122947786,354675.0,333795.01800157316
CLEANING,2014-01-26,42,414861.31229477865,,745034.1997603842,342350.0,330172.8874656055
CLEANING,2014-02-02,43,377962.19976038416,,739294.9552870994,367072.0,361332.7555267152
CLEANING,2014-02-09,44,369027.95528709935,,728429.0601992966,370267.0,359401.1049121972
CLEANING,2014-02-16,45,390412.06019929657,,715974.6212684044,338017.0,325562.56106910785
CLEANING,2014-02-23,46,380327.6212684044,,714163.1029586601,335647.0,333835.4816902557
CLEANING,2014-03-02,47,340060.1029586601,,734660.9378279799,374103.0,394600.8348693198
CLEANING,2014-03-09,48,284341.9378279799,,750094.2086251518,450319.0,465752.27079717186
CLEANING,2014-03-16,49,372069.2086251518,,744245.1163477774,378025.0,372175.90772262565
CLEANING,2014-03-23,50,368353.1163477774,,750708.349150866,375892.0,382355.2328030886
CLEANING,2014-03-30,51,389954.34915086604,,725156.5392857634,360754.0,335202.19013489736
CLEANING,2014-04-06,52,320123.5392857634,,683680.3158421188,405033.0,363556.7765563554
CLEANING,2014-04-13,53,352851.3158421188,,673175.1554079757,330829.0,320323.83956585685
CLEANING,2014-04-20,54,347159.15540797566,,713417.4395945997,326016.0,366258.284186624
CLEANING,2014-04-27,55,386889.43959459965,,746323.9450111084,326528.0,359434.50541650876
CLEANING,2014-05-04,56,366644.9450111084,,712568.7019877265,379679.0,345923.7569766181
CLEANING,2014-05-11,57,382176.7019877265,,675468.4884708486,330392.0,293291.78648312215
CLEANING,2014-05-18,58,339426.48847084865,,680556.5918165819,336042.0,341130.10334573325
CLEANING,2014-05-25,59,369278.5918165819,,707245.0975910914,311278.0,337966.5057745095
CLEANING,2014-06-01,60,361078.0975910914,,681757.7179170892,346167.0,320679.6203259978
CLEANING,2014-06-08,61,297381.71791708923,,656801.6215749502,384376.0,359419.90365786094
CLEANING,2014-06-15,62,348410.6215749502,,710685.798803861,308391.0,362275.17722891085
CLEANING,2014-06-22,63,376701.798803861,,787312.5022592745,333984.0,410610.70345541346
CLEANING,2014-06-29,64,353207.5022592745,,766064.2884632102,434105.0,412856.78620393574
CLEANING,2014-07-06,65,261889.28846321022,,718134.7543920062,504175.0,456245.465928796
CLEANING,2014-07-13,66,346331.7543920062,,714455.3435822811,371803.0,368123.58919027494
CLEANING,2014-07-20,67,346793.34358228114,,745801.6800222346,367662.0,399008.3364399534
CLEANING,2014-07-27,68,394536.68002223456,,767233.2305831998,351265.0,372696.5505609652
CLEANING,2014-08-03,69,369357.23058319977,,739773.2791651308,397876.0,370416.04858193104
CLEANING,2014-08-10,70,388222.2791651308,,724177.7220304767,351551.0,335955.44286534586
CLEANING,2014-08-17,71,393483.72203047667,,731518.8336290382,330694.0,338035.1115985615
CLEANING,2014-08-24,72,397464.8336290382,,760445.4281554145,334054.0,362980.59452637634
CLEANING,2014-08-31,73,409349.4281554145,,753060.8895586482,351096.0,343711.4614032337
CLEANING,2014-09-07,74,303524.8895586482,,724510.0779063846,449536.0,420985.1883477364
CLEANING,2014-09-14,75,356798.0779063846,,718130.8861670748,367712.0,361332.8082606902
CLEANING,2014-09-21,76,348425.8861670748,,759627.9171852686,369705.0,411202.0310181938
CLEANING,2014-09-28,77,403817.9171852686,,774828.9294417474,355810.0,371011.0122564788
CLEANING,2014-10-05,78,320637.9294417474,,754475.0512557002,454191.0,433837.1218139528
CLEANING,2014-10-12,79,370592.0512557002,,748657.9184547431,383883.0,378065.8671990429
CLEANING,2014-10-19,80,372454.9184547431,,758100.7341858053,376203.0,385645.8157310622
CLEANING,2014-10-26,81,401590.7341858053,,781591.971790442,356510.0,380001.2376046367
CLEANING,2014-11-02,82,424121.971790442,,768715.76052024,357470.0,344593.78872979793
CLEANING,2014-11-09,83,310879.76052023994,,750892.4994311545,457836.0,440012.7389109145
CLEANING,2014-11-16,84,387782.49943115446,,763233.1269077491,363110.0,375450.62747659464
CLEANING,2014-11-23,85,401190.1269077491,,814174.4551662873,362043.0,412984.32825853815
CLEANING,2014-11-30,86,435629.45516628725,,845871.4339580961,378545.0,410241.9787918088
CLEANING,2014-12-07,87,392618.4339580961,,920356.8095865219,453253.0,527738.3756284259
CLEANING,2014-12-14,88,505135.80958652194,,904287.0399787142,415221.0,399151.23039219226
CLEANING,2014-12-21,89,450117.0399787142,,908210.9341843923,454170.0,458093.89420567814
CLEANING,2014-12-28,90,307942.93418439233,,967156.8103496067,600268.0,659213.8761652143
CLEANING,2015-01-04,91,490915.8103496067,,914352.9108162846,476241.0,423437.1004666779
CLEANING,2015-01-11,92,441541.9108162846,,886369.0860271922,472811.0,444827.1752109076
CLEANING,2015-01-18,93,475742.0860271922,,882507.4662084291,410627.0,406765.3801812369
CLEANING,2015-01-25,94,483214.4662084291,,884062.0430592044,399293.0,400847.5768507753
CLEANING,2015-02-01,95,463754.04305920436,,860632.4523226419,420308.0,396878.4092634375
CLEANING,2015-02-08,96,404440.45232264185,,837268.6572195566,456192.0,432828.2048969148
CLEANING,2015-02-15,97,454070.6572195566,,857018.6813078683,383198.0,402948.0240883117
CLEANING,2015-02-22,98,423687.68130786833,,925935.2222977987,433331.0,502247.5409899304
CLEANING,2015-03-01,99,495124.2222977987,,923254.8006811872,430811.0,428130.57838338846
CLEANING,2015-03-08,100,466213.8006811872,,875804.5724754194,457041.0,409590.7717942322
CLEANING,2015-03-15,101,467558.5724754194,,855202.8878817647,408246.0,387644.3154063453
CLEANING,2015-03-22,102,454780.8878817647,,859809.1911351178,400422.0,405028.3032533531
CLEANING,2015-03-29,103,470458.1911351178,,842483.5064592051,389351.0,372025.3153240873
CLEANING,2015-04-05,104,379392.50645920506,,806204.3735556053,463091.0,426811.86709640024
CLEANING,2015-04-12,105,360030.3735556053,,810408.3612762422,446174.0,450377.9877206369
CLEANING,2015-04-19,106,386074.3612762422,,838567.5093673273,424334.0,452493.14809108514
CLEANING,2015-04-26,107,431276.5093673273,,837675.0860862557,407291.0,406398.5767189284
CLEANING,2015-05-03,108,388885.08608625573,,815226.2797576131,448790.0,426341.19367135735
CLEANING,2015-05-10,109,399548.2797576131,,809990.6697563085,415678.0,410442.38999869546
CLEANING,2015-05-17,110,394301.66975630855,,819256.0384912149,415689.0,424954.3687349063
CLEANING,2015-05-24,111,418747.03849121486,,862495.4008532611,400509.0,443748.36236204626
CLEANING,2015-05-31,112,429890.4008532611,,847980.23653468,432605.0,418089.8356814189
CLEANING,2015-06-07,113,368183.23653468,,823195.4656038007,479797.0,455012.2290691207
CLEANING,2015-06-14,114,429754.4656038007,,887630.1750568561,393441.0,457875.7094530554
CLEANING,2015-06-21,115,502035.1750568561,,982446.7127708741,385595.0,480411.537714018
CLEANING,2015-06-28,116,503459.71277087415,,959618.0663427473,478987.0,456158.35357187316
CLEANING,2015-07-05,117,404425.0663427473,,887026.3708897475,555193.0,482601.3045470002
CLEANING,2015-07-12,118,463789.3708897475,,867718.8830429448,423237.0,403929.5121531973
CLEANING,2015-07-19,119,468028.8830429448,,874379.7654252528,399690.0,406350.882382308
CLEANING,2015-07-26,120,486959.76542525284,,868996.0244452911,387420.0,382036.2590200383
CLEANING,2015-08-02,121,426605.02444529114,,836016.5151574147,442391.0,409411.4907121236
CLEANING,2015-08-09,122,405634.5151574147,,831825.2773796674,430382.0,426190.76222225267
CLEANING,2015-08-16,123,411212.2773796674,,844286.2606783595,420613.0,433073.98329869215
CLEANING,2015-08-23,124,440409.26067835954,,903214.4264807906,403877.0,462805.16580243106
CLEANING,2015-08-30,125,494140.4264807906,,917479.5309012854,409074.0,423339.10442049475
CLEANING,2015-09-06,126,388096.53090128535,,880892.9695831999,529383.0,492796.4386819146
CLEANING,2015-09-13,127,450635.96958319994,,869568.7745682916,430257.0,418932.8049850917
CLEANING,2015-09-20,128,447299.7745682916,,911273.2659129181,422269.0,463973.4913446265
CLEANING,2015-09-27,129,500530.26591291814,,921119.0944695552,410743.0,420588.82855663705
CLEANING,2015-10-04,130,404587.0944695552,,871739.497155361,516532.0,467152.4026858058
CLEANING,2015-10-11,131,429975.497155361,,851078.9137085218,441764.0,421103.41655316076
CLEANING,2015-10-18,132,436509.91370852175,,833116.3876269225,414569.0,396606.4739184007
CLEANING,2015-10-25,133,437778.38762692246,,879973.225578059,395338.0,442194.8379511365
CLEANING,2015-11-01,134,506080.225578059,,883703.2461548971,373893.0,377623.0205768382
CLEANING,2015-11-08,135,393754.24615489715,,834847.1361434073,489949.0,441092.8899885102
CLEANING,2015-11-15,136,447151.1361434073,,835391.7449784463,387696.0,388240.60883503896
CLEANING,2015-11-22,137,441157.7449784463,,874471.0540129761,394234.0,433313.30903452984
CLEANING,2015-11-29,138,491263.0540129761,,896063.7550389697,383208.0,404800.70102599356
CLEANING,2015-12-06,139,405667.7550389697,,907878.0795553391,490396.0,502210.3245163694
CLEANING,2015-12-13,140,480586.07955533906,,982096.156539873,427292.0,501510.0769845339
CLEANING,2015-12-20,141,517652.156539873,,993930.8019690267,464444.0,476278.6454291537
CLEANING,2015-12-27,142,423113.8019690267,,958495.9345519883,570817.0,535382.1325829616
CLEANING,2016-01-03,143,471040.93455198826,,932349.2329169523,487455.0,461308.2983649641
CLEANING,2016-01-10,144,426259.23291695234,,894305.7515655421,506090.0,468046.5186485897
CLEANING,2016-01-17,145,475854.7515655421,,885643.8376447262,418451.0,409789.0860791841
CLEANING,2016-01-24,146,469090.83764472615,,910884.4597104292,416553.0,441793.62206570304
CLEANING,2016-01-31,147,480099.4597104292,,902109.1018256298,430785.0,422009.64211520064
CLEANING,2016-02-07,148,410591.1018256298,,899369.0169351022,491518.0,488777.91510947235
CLEANING,2016-02-14,149,486218.0169351022,,914710.3637379108,413151.0,428492.3468028086
CLEANING,2016-02-21,150,506862.36373791075,,902940.1886059667,407848.0,396077.824868056
CLEANING,2016-02-28,151,514464.18860596674,,875105.715243151,388476.0,360641.5266371842
CLEANING,2016-03-06,152,382097.71524315095,,841889.8564689145,493008.0,459792.1412257636
CLEANING,2016-03-13,153,454764.85646891454,,834149.4312449753,387125.0,379384.57477606076
CLEANING,2016-03-20,154,446437.4312449753,,870702.6891713191,387712.0,424265.2579263438
CLEANING,2016-03-27,155,507404.6891713191,,899886.2223623728,363298.0,392481.53319105366
CLEANING,2016-04-03,156,424185.2223623728,,880199.6851797135,475701.0,456014.46281734074
CLEANING,2016-04-10,157,446672.68517971353,,883408.5693291444,433527.0,436735.8841494309
CLEANING,2016-04-17,158,488488.56932914443,,977984.753516298,394920.0,489496.1841871536
CLEANING,2016-04-24,159,364851.753516298,,1078771.6722867885,613133.0,713919.9187704904
CLEANING,2016-05-01,160,537336.6722867885,,1127121.576889095,541435.0,589784.9046023064
CLEANING,2016-05-08,161,527722.5768890949,,1019846.7113660411,599399.0,492124.1344769462
CLEANING,2016-05-15,162,546696.7113660411,,895982.497351506,473150.0,349285.7859854649
CLEANING,2016-05-22,163,484453.497351506,,924015.1863101507,411529.0,439561.68895864463
CLEANING,2016-05-29,164,520184.18631015066,,893661.4372891781,403831.0,373477.2509790275
CLEANING,2016-06-05,165,374298.43728917814,,850622.5968889317,519363.0,476324.15959975356
CLEANING,2016-06-12,166,448568.5968889317,,911802.6002641667,402054.0,463234.003375235
CLEANING,2016-06-19,167,509711.6002641667,,1016650.8431422134,402091.0,506939.2428780467
CLEANING,2016-06-26,168,483027.8431422134,,982801.824912388,533623.0,499773.9817701746
CLEANING,2016-07-03,169,440350.824912388,,884498.4332130419,542451.0,444147.60830065387
CLEANING,2016-07-10,170,449685.43321304186,,853987.1256521526,434813.0,404301.6924391107
CLEANING,2016-07-17,171,474008.1256521526,,880061.9473903113,379979.0,406053.8217381587
CLEANING,2016-07-24,172,436849.9473903113,,900270.0453579833,443212.0,463420.09796767205
CLEANING,2016-07-31,173,497246.0453579833,,873995.8213237363,403024.0,376749.775965753
CLEANING,2016-08-07,174,417828.82132373634,,842719.8910950432,456167.0,424891.0697713068
CLEANING,2016-08-14,175,476762.89109504316,,824818.065346341,365957.0,348055.17425129784
CLEANING,2016-08-21,176,422810.065346341,,899495.2996187126,402008.0,476685.2342723716
CLEANING,2016-08-28,177,519360.2996187126,,910228.1004164098,380135.0,390867.80079769716
CLEANING,2016-09-04,178,433740.1004164098,,869183.174647618,476488.0,435443.0742312082
CLEANING,2016-09-11,179,434847.17464761797,,885899.1397614294,434336.0,451051.9651138114
CLEANING,2016-09-18,180,482475.1397614294,,934115.0950031293,403424.0,451639.95524169994
CLEANING,2016-09-25,181,527775.0950031293,,936740.5838417362,406340.0,408965.48883860686
CLEANING,2016-10-02,182,479592.5838417362,,875788.3091714941,457148.0,396195.7253297579
CLEANING,2016-10-09,183,421824.3091714941,,846798.6416575566,453964.0,424974.33248606254
CLEANING,2016-10-16,184,449504.64165755664,,830001.49869211,397294.0,380496.8570345533
CLEANING,2016-10-23,185,442042.49869210995,,897944.5711386157,387959.0,455902.0724465058
CLEANING,2016-10-30,186,518308.5711386157,,917791.8611681326,379636.0,399483.2900295169
CLEANING,2016-11-06,187,421095.86116813263,,861629.7351250219,496696.0,440533.87395688926
CLEANING,2016-11-13,188,326863.7351250219,,838847.4658745402,534766.0,511983.73074951826
CLEANING,2016-11-20,189,432159.46587454015,,884501.8546451003,406688.0,452342.38877056015
CLEANING,2016-11-27,190,469321.8546451003,,919923.5766636888,415180.0,450601.72201858845
CLEANING,2016-12-04,191,424256.57666368876,,915747.3805468478,495667.0,491490.80388315907
CLEANING,2016-12-11,192,438388.3805468478,,973361.059762825,477359.0,534972.6792159772
CLEANING,2016-12-18,193,520455.059762825,,992497.6242099742,452906.0,472042.56444714917
CLEANING,2016-12-25,194,445439.6242099742,,973749.9422918484,547058.0,528310.3180818742
CLEANING,2017-01-01,195,483385.94229184836,,938806.0545846686,490364.0,455420.11229282024
CLEANING,2017-01-08,196,317892.0545846686,,899910.0060500819,620914.0,582017.9514654133
CLEANING,2017-01-15,197,447823.0060500819,,903289.7548433859,452087.0,455466.74879330397
CLEANING,2017-01-22,198,456323.7548433859,,942004.7986108479,446966.0,485681.043767462
CLEANING,2017-01-29,199,522759.7986108479,,931840.1421021773,419245.0,409080.34349132935
CLEANING,2017-02-05,200,406046.14210217725,,886569.3370307081,525794.0,480523.19492853084
CLEANING,2017-02-12,201,434584.3370307081,,861429.0811048975,451985.0,426844.74407418945
CLEANING,2017-02-19,202,445877.08110489754,,910666.4780647203,415552.0,464789.39695982274
CLEANING,2017-02-26,203,442488.4780647203,,930850.8984697112,468178.0,488362.4204049909
CLEANING,2017-03-05,204,384451.8984697112,,880085.0168865339,546399.0,495633.11841682275
CLEANING,2017-03-12,205,439336.01688653394,,861691.3318023786,440749.0,422355.3149158447
CLEANING,2017-03-19,206,421944.33180237864,,909484.8513976869,439747.0,487540.51959530823
CLEANING,2017-03-26,207,471008.85139768687,,947382.2103818282,438476.0,476373.3589841414
CLEANING,2017-04-02,208,457653.21038182825,,908502.6258123962,489729.0,450849.4154305679
CLEANING,2017-04-09,209,434308.6258123962,,1020386.2680125323,474194.0,586077.6422001361
CLEANING,2017-04-16,210,559349.2680125323,,1075249.490651116,461037.0,515900.22263858374
CLEANING,2017-04-23,211,625013.490651116,,1014202.4850496051,450236.0,389188.9943984891
CLEANING,2017-04-30,212,535772.4850496051,,942571.0623810603,478430.0,406798.5773314552
CLEANING,2017-05-07,213,363086.0623810603,,891066.08549038,579485.0,527980.0231093196
CLEANING,2017-05-14,214,426394.08549037995,,927342.0490285247,464672.0,500947.9635381447
CLEANING,2017-05-21,215,384664.04902852466,,991440.5571276323,542678.0,606776.5080991077
CLEANING,2017-05-28,216,501487.5571276323,,983070.0041552113,489953.0,481582.44702757895
CLEANING,2017-06-04,217,461638.00415521127,,917358.7142738771,521432.0,455720.7101186658
CLEANING,2017-06-11,218,452620.7142738771,,1016807.7801347728,464738.0,564187.0658608957
CLEANING,2017-06-18,219,595109.7801347728,,1126048.7020684588,421698.0,530938.921933686
CLEANING,2017-06-25,220,503271.7020684588,,1065452.3255413063,622777.0,562180.6234728475
CLEANING,2017-07-02,221,541414.3255413063,,960258.5242429154,524038.0,418844.19870160916
CLEANING,2017-07-09,222,334878.52424291545,,944049.118689253,625380.0,609170.5944463375
CLEANING,2017-07-16,223,486526.118689253,,925464.7849422295,457523.0,438938.6662529765
CLEANING,2017-07-23,224,484979.7849422295,,932810.0937417957,440485.0,447830.30879956624
CLEANING,2017-07-30,225,381751.09374179575,,937255.2132569598,551059.0,555504.119515164
CLEANING,2017-08-06,226,370911.2132569598,,548785.2883701992,566344.0,177874.07511323935
CLEANING,2017-08-13,227,163392.28837019915,,200154.78828149807,385393.0,36762.49991129892
CLEANING,2017-08-20,228,86648.78828149807,,200154.78828149807,113506.0,113506.0
